Date,Open,High,Low,Close,Adj Close,Volume
2015/8/10,20618.31055,20820.85938,20617.05078,20808.68945,20808.68945,138700
2015/8/11,20920.59961,20946.92969,20582.00977,20720.75,20720.75,159200
2015/8/12,20632.67969,20703.19922,20303.01953,20392.76953,20392.76953,170300
2015/8/13,20392.53906,20633.91016,20306.98047,20595.55078,20595.55078,167400
2015/8/14,20518.35938,20605.46094,20484.66992,20519.44922,20519.44922,139400
2015/8/17,20600.16016,20668.86914,20541,20620.25977,20620.25977,106600
2015/8/18,20640.58984,20663.17969,20545.25,20554.4707,20554.4707,113100
2015/8/19,20467.49023,20521.9707,20218.0293,20222.63086,20222.63086,141100
2015/8/20,20194.25977,20246.4707,20033.28906,20033.51953,20033.51953,147900
2015/8/21,19711.33984,19737.53906,19435.83008,19435.83008,19435.83008,189900
2015/8/24,19075.05078,19154.65039,18498.80078,18540.67969,18540.67969,274400
2015/8/25,18171.66016,18835.34961,17747.5,17806.69922,17806.69922,335600
2015/8/26,17894.28906,18442.83984,17714.30078,18376.83008,18376.83008,246800
2015/8/27,18680.4707,18810.05078,18486.46094,18574.43945,18574.43945,192100
2015/8/28,18908.73047,19192.82031,18901.08984,19136.32031,19136.32031,205200
2015/8/31,19006.98047,19019.60938,18749.76953,18890.48047,18890.48047,167600
2015/9/1,18763.7207,18777.4707,18165.68945,18165.68945,18165.68945,176800
2015/9/2,17861.81055,18467.43945,17857.30078,18095.40039,18095.40039,197900
2015/9/3,18359.5293,18481.57031,18176.75,18182.39063,18182.39063,143000
2015/9/4,18312.13086,18312.13086,17608.16992,17792.16016,17792.16016,171100
2015/9/7,17674.82031,18013.64063,17478.7207,17860.4707,17860.4707,164600
2015/9/8,17941.91016,17962.56055,17415.60938,17427.08008,17427.08008,154900
2015/9/9,17758.13086,18770.50977,17756.75977,18770.50977,18770.50977,201700
2015/9/10,18418.64063,18420.56055,17956.15039,18299.61914,18299.61914,172700
2015/9/11,18155.71094,18362.99023,18124.34961,18264.2207,18264.2207,201500
2015/9/14,18341.00977,18344.07031,17925.08984,17965.69922,17965.69922,126500
2015/9/15,18082.7207,18329.57031,17995.98047,18026.48047,18026.48047,146400
2015/9/16,18238.15039,18291.9707,18094.99023,18171.59961,18171.59961,126000
2015/9/17,18361.99023,18468.19922,18289.63086,18432.26953,18432.26953,130900
2015/9/18,18275.48047,18295.90039,18069.5,18070.21094,18070.21094,172000
2015/9/24,17803.41016,17865.83984,17571.83008,17571.83008,17571.83008,167900
2015/9/25,17618.30078,17880.50977,17483.68945,17880.50977,17880.50977,184800
2015/9/28,17811.11914,17886.49023,17562.59961,17645.10938,17645.10938,130800
2015/9/29,17359.38086,17366.94922,16901.49023,16930.83984,16930.83984,206300
2015/9/30,17193.83984,17460.9707,17179.40039,17388.15039,17388.15039,156500
2015/10/1,17479.9707,17831.58008,17389.57031,17722.41992,17722.41992,161200
2015/10/2,17564.39063,17775.76953,17537.84961,17725.13086,17725.13086,125300
2015/10/5,17921,18079.46094,17869.74023,18005.49023,18005.49023,120900
2015/10/6,18302.41016,18372.7207,18094.84961,18186.09961,18186.09961,147600
2015/10/7,18168.19922,18379.23047,18043.08008,18322.98047,18322.98047,160800
2015/10/8,18310.61914,18400.68945,18121.67969,18141.16992,18141.16992,158300
2015/10/9,18281.50977,18438.66992,18184.96094,18438.66992,18438.66992,185000
2015/10/13,18335.15039,18359.71094,18223.80078,18234.74023,18234.74023,144300
2015/10/14,18106.66016,18126.39063,17831.5293,17891,17891,145000
2015/10/15,17804.91016,18170.66992,17758.11914,18096.90039,18096.90039,131700
2015/10/16,18300.83008,18397.51953,18238.7793,18291.80078,18291.80078,129600
2015/10/19,18282.7793,18314.08984,18078.42969,18131.23047,18131.23047,121300
2015/10/20,18245.53906,18253.13086,18147.98047,18207.15039,18207.15039,118800
2015/10/21,18167.64063,18605.41016,18167.64063,18554.2793,18554.2793,142900
2015/10/22,18443.68945,18579.14063,18376.00977,18435.86914,18435.86914,123900
2015/10/23,18762.65039,18915.64063,18746.60938,18825.30078,18825.30078,147500
2015/10/26,19036.13086,19088.75977,18937.44922,18947.11914,18947.11914,121800
2015/10/27,18961.16016,18964.99023,18760.78906,18777.03906,18777.03906,123300
2015/10/28,18826.93945,18925.50977,18815.11914,18903.01953,18903.01953,110200
2015/10/29,19046.16016,19080.89063,18809.48047,18935.71094,18935.71094,178200
2015/10/30,18924.31055,19202.33984,18784.68945,19083.09961,19083.09961,182000
2015/11/2,18827.10938,18861.10938,18641.2207,18683.24023,18683.24023,148300
2015/11/4,18941.32031,19151.89063,18926.91016,18926.91016,18926.91016,157000
2015/11/5,19029.43945,19167.08984,18995.96094,19116.41016,19116.41016,145900
2015/11/6,19194.33984,19294.15039,19164.85938,19265.59961,19265.59961,121300
2015/11/9,19411.50977,19684.41016,19389.74023,19642.74023,19642.74023,168800
2015/11/10,19457.05078,19674.05078,19457.05078,19671.25977,19671.25977,131200
2015/11/11,19602.00977,19724.11914,19602.00977,19691.39063,19691.39063,131300
2015/11/12,19644.65039,19725.83008,19597.99023,19697.76953,19697.76953,123500
2015/11/13,19495.25977,19601.49023,19388.91016,19596.91016,19596.91016,139100
2015/11/16,19263.96094,19451.08984,19252.03906,19393.68945,19393.68945,111500
2015/11/17,19641.66992,19726.00977,19628.83984,19630.63086,19630.63086,145400
2015/11/18,19771.85938,19840,19643.9707,19649.17969,19649.17969,126700
2015/11/19,19851.24023,19959.06055,19761.56055,19859.81055,19859.81055,139600
2015/11/20,19800.19922,19879.81055,19715.74023,19879.81055,19879.81055,109700
2015/11/24,19875.99023,19954,19834.75977,19924.89063,19924.89063,133900
2015/11/25,19856.83984,19871.75,19786.5293,19847.58008,19847.58008,133200
2015/11/26,19929.9707,19992.43945,19926.09961,19944.41016,19944.41016,117300
2015/11/27,19994.05078,19994.05078,19831.25,19883.93945,19883.93945,114600
2015/11/30,19857.38086,19867.94922,19707.66992,19747.4707,19747.4707,161200
2015/12/1,19799.08008,20012.40039,19797.55078,20012.40039,20012.40039,133100
2015/12/2,19957.5,20002.11914,19926.2207,19938.13086,19938.13086,115900
2015/12/3,19894.63086,19967.88086,19862.74023,19939.90039,19939.90039,116200
2015/12/4,19616.51953,19660.90039,19444.53906,19504.48047,19504.48047,134100
2015/12/7,19710.39063,19811.50977,19677.21094,19698.15039,19698.15039,103300
2015/12/8,19689.86914,19764.21094,19475.2793,19492.59961,19492.59961,124100
2015/12/9,19391.5,19475.40039,19260.11914,19301.07031,19301.07031,130300
2015/12/10,19070.01953,19125.06055,19025.7793,19046.55078,19046.55078,116100
2015/12/11,19020.75,19282.21094,19020.75,19230.48047,19230.48047,165800
2015/12/14,18887.08984,18911.7793,18611.08984,18883.41992,18883.41992,134300
2015/12/15,18869.03906,18897.86914,18562.50977,18565.90039,18565.90039,137800
2015/12/16,18868.19922,19054.89063,18859.10938,19049.91016,19049.91016,143900
2015/12/17,19364.57031,19507.16992,19325.15039,19353.56055,19353.56055,152700
2015/12/18,19320.46094,19869.08008,18982.25,18986.80078,18986.80078,199200
2015/12/21,18845.5,18979.83008,18651.13086,18916.01953,18916.01953,154800
2015/12/22,18927.85938,18943.46094,18824.65039,18886.69922,18886.69922,135700
2015/12/24,19071.41016,19071.41016,18780.93945,18789.68945,18789.68945,129500
2015/12/25,18823.91016,18870.69922,18744.43945,18769.06055,18769.06055,122600
2015/12/28,18838.91016,18922.90039,18764.53906,18873.34961,18873.34961,102300
2015/12/29,18843.39063,18991.00977,18783.35938,18982.23047,18982.23047,96900
2015/12/30,19070.83008,19113.17969,19017.26953,19033.71094,19033.71094,100500
2016/1/4,18818.58008,18951.11914,18394.42969,18450.98047,18450.98047,140200
2016/1/5,18398.75977,18547.38086,18327.51953,18374,18374,132300
2016/1/6,18410.57031,18469.38086,18064.30078,18191.32031,18191.32031,142200
2016/1/7,18139.76953,18172.03906,17767.33984,17767.33984,17767.33984,168000
2016/1/8,17562.23047,17975.31055,17509.64063,17697.96094,17697.96094,184300
2016/1/12,17470.92969,17546.57031,17184.7793,17218.96094,17218.96094,178400
2016/1/13,17449.11914,17717.75,17414.55078,17715.63086,17715.63086,145900
2016/1/14,17384.92969,17393.83008,16944.41016,17240.94922,17240.94922,178300
2016/1/15,17522.46094,17597.86914,17057.59961,17147.10938,17147.10938,167800
2016/1/18,16826.92969,17037.25977,16665.05078,16955.57031,16955.57031,157200
2016/1/19,16902.28906,17088.31055,16812.65039,17048.36914,17048.36914,154200
2016/1/20,17030.2793,17031.32031,16387.60938,16416.18945,16416.18945,177800
2016/1/21,16466.85938,16734.58008,16017.25977,16017.25977,16017.25977,228200
2016/1/22,16336.71973,16993.96094,16332.4502,16958.5293,16958.5293,186800
2016/1/25,17145.81055,17208.24023,16922.21094,17110.91016,17110.91016,157000
2016/1/26,16833.13086,16839.51953,16652.25977,16708.90039,16708.90039,147000
2016/1/27,16949.18945,17242.26953,16947.94922,17163.91992,17163.91992,155000
2016/1/28,17059.83984,17235.43945,16942.13086,17041.44922,17041.44922,140900
2016/1/29,17155.06055,17638.92969,16767.08984,17518.30078,17518.30078,294400
2016/2/1,17699.59961,17905.36914,17666.48047,17865.23047,17865.23047,245000
2016/2/2,17716.51953,17864.69922,17684.66016,17750.67969,17750.67969,200800
2016/2/3,17497.41016,17515.67969,17080.57031,17191.25,17191.25,228500
2016/2/4,17071.10938,17209.56055,16941.88086,17044.99023,17044.99023,238800
2016/2/5,16790.5293,16893.11914,16627.80078,16819.58984,16819.58984,259900
2016/2/8,16620.91016,17099.00977,16552.30078,17004.30078,17004.30078,200100
2016/2/9,16666.78906,16668.69922,16025.94043,16085.44043,16085.44043,228200
2016/2/10,16127.86035,16163.03027,15429.99023,15713.38965,15713.38965,283500
2016/2/12,15426.26953,15437.21973,14865.76953,14952.61035,14952.61035,340500
2016/2/15,15248.37988,16155.09961,15243.87988,16022.58008,16022.58008,232200
2016/2/16,15849.46973,16341.55957,15809.58008,16054.42969,16054.42969,224900
2016/2/17,16035.34961,16214.45996,15632.12012,15836.36035,15836.36035,204100
2016/2/18,16138.08008,16337.58984,16118.79981,16196.79981,16196.79981,187800
2016/2/19,16050.40039,16050.45996,15799.34961,15967.16992,15967.16992,161700
2016/2/22,15851.38965,16187.40039,15816.83008,16111.04981,16111.04981,139800
2016/2/23,16230.37988,16350.37988,16001.19043,16052.04981,16052.04981,165200
2016/2/24,15851.12988,16006.4502,15753.76953,15915.79004,15915.79004,151600
2016/2/25,15983.46973,16218.29004,15953.92969,16140.33984,16140.33984,169800
2016/2/26,16311.51953,16472.5,16188.41016,16188.41016,16188.41016,147400
2016/2/29,16313.30957,16464.75,16026.75977,16026.75977,16026.75977,164300
2016/3/1,16013,16099.41992,15857.37012,16085.50977,16085.50977,152300
2016/3/2,16391.48047,16815.25,16388.91992,16746.55078,16746.55078,175100
2016/3/3,16695.7793,16962.94922,16691.93945,16960.16016,16960.16016,201400
2016/3/4,16927.35938,17042.91992,16861.38086,17014.7793,17014.7793,183600
2016/3/7,17024.64063,17026.25,16894.58008,16911.32031,16911.32031,159500
2016/3/8,16889.48047,16909.78906,16570.2207,16783.15039,16783.15039,182800
2016/3/9,16625.58984,16706.25,16494.80078,16642.19922,16642.19922,160700
2016/3/10,16811,16887.59961,16713.13086,16852.34961,16852.34961,135600
2016/3/11,16610.17969,17015.30078,16575.75,16938.86914,16938.86914,198000
2016/3/14,17155.51953,17291.34961,17149.21094,17233.75,17233.75,140900
2016/3/15,17219.89063,17279.30078,17042.56055,17117.07031,17117.07031,144300
2016/3/16,16981.35938,17102.44922,16950.83984,16974.44922,16974.44922,126400
2016/3/17,17107.59961,17253.0293,16814.83984,16936.38086,16936.38086,152500
2016/3/18,16883.75,16920.91016,16613.68945,16724.81055,16724.81055,155700
2016/3/22,16937.31055,17107.80078,16851.21094,17048.55078,17048.55078,136200
2016/3/23,17066.26953,17142.08008,16964.31055,17000.98047,17000.98047,104700
2016/3/24,16979.39063,17041.16016,16843.99023,16892.33008,16892.33008,142100
2016/3/25,16949.5293,17026.14063,16889.40039,17002.75,17002.75,126500
2016/3/28,17129.26953,17167.88086,16961.41016,17134.36914,17134.36914,123500
2016/3/29,16985.2793,17137.19922,16948.42969,17103.5293,17103.5293,117000
2016/3/30,17078.0293,17078.0293,16875.91016,16878.96094,16878.96094,131200
2016/3/31,16997.14063,17033.65039,16758.66992,16758.66992,16758.66992,157500
2016/4/1,16719.56055,16719.56055,16113.00977,16164.16016,16164.16016,178400
2016/4/4,16087.75977,16238.50977,16029.5,16123.26953,16123.26953,144800
2016/4/5,16044.23047,16066.17969,15698.54981,15732.82031,15732.82031,158100
2016/4/6,15727.7002,15828.61035,15612.91016,15715.36035,15715.36035,150500
2016/4/7,15739.25977,15871.09961,15636.20996,15749.83984,15749.83984,146000
2016/4/8,15597.04004,16027.62988,15471.79981,15821.51953,15821.51953,176800
2016/4/11,15761.57031,15778.74023,15525.49023,15751.12988,15751.12988,129900
2016/4/12,15719.24023,15963.03027,15693.61035,15928.79004,15928.79004,147000
2016/4/13,16142.70996,16405.58984,16132.23047,16381.21973,16381.21973,158800
2016/4/14,16629.83008,16911.05078,16602.16992,16911.05078,16911.05078,175400
2016/4/15,16720.39063,16928.66992,16720.39063,16848.0293,16848.0293,133300
2016/4/18,16521.25,16526.90039,16254.2002,16275.9502,16275.9502,140600
2016/4/19,16582.66016,16900.33008,16570.5,16874.43945,16874.43945,145700
2016/4/20,17053.83008,17099.35938,16870.73047,16906.53906,16906.53906,143900
2016/4/21,17187.26953,17381.69922,17144.5293,17363.61914,17363.61914,165900
2016/4/22,17220.4707,17572.49023,17192.39063,17572.49023,17572.49023,228300
2016/4/25,17613.56055,17613.56055,17403.86914,17439.30078,17439.30078,171600
2016/4/26,17358.56055,17426.01953,17200.5,17353.2793,17353.2793,161600
2016/4/27,17369.67969,17417.53906,17230.23047,17290.49023,17290.49023,140900
2016/4/28,17438.99023,17572.26953,16652.74023,16666.05078,16666.05078,233100
2016/5/2,16357.09961,16357.09961,15975.46973,16147.37988,16147.37988,179900
2016/5/6,16212.66992,16271.61035,15989.34961,16106.71973,16106.71973,148100
2016/5/9,16226.57031,16292.86035,16159.30957,16216.03027,16216.03027,118800
2016/5/10,16307.5,16587.63086,16229.15039,16565.18945,16565.18945,166500
2016/5/11,16736.7207,16814.64063,16536.60938,16579.00977,16579.00977,143500
2016/5/12,16459.68945,16658.07031,16374.58984,16646.33984,16646.33984,138700
2016/5/13,16804.16992,16804.16992,16400.86914,16412.21094,16412.21094,171600
2016/5/16,16391.91992,16632.61914,16391.91992,16466.40039,16466.40039,125100
2016/5/17,16618.94922,16655.89063,16509.31055,16652.80078,16652.80078,117600
2016/5/18,16611.40039,16795.4707,16513.16992,16644.68945,16644.68945,165100
2016/5/19,16807.46094,16841.03906,16590.16016,16646.66016,16646.66016,141600
2016/5/20,16594.99023,16770.86914,16548.33984,16736.34961,16736.34961,126300
2016/5/23,16671.2793,16691.5,16417.83984,16654.59961,16654.59961,116500
2016/5/24,16605.03906,16605.03906,16471.36914,16498.75977,16498.75977,109700
2016/5/25,16764.34961,16806.0293,16731.11914,16757.34961,16757.34961,107400
2016/5/26,16927.68945,16957.56055,16743.16992,16772.46094,16772.46094,122000
2016/5/27,16830.5,16901.08984,16792.73047,16834.83984,16834.83984,108400
2016/5/30,16973.7207,17068.01953,16910.18945,17068.01953,17068.01953,100300
2016/5/31,17029.46094,17251.35938,16988.64063,17234.98047,17234.98047,156700
2016/6/1,17097.2207,17145.94922,16908.91992,16955.73047,16955.73047,133700
2016/6/2,16817.25977,16819.84961,16525.4707,16562.55078,16562.55078,142800
2016/6/3,16599.50977,16716.14063,16554.59961,16642.23047,16642.23047,107300
2016/6/6,16373.32031,16581.30078,16322.63965,16580.0293,16580.0293,122200
2016/6/7,16651.05078,16701.00977,16536.23047,16675.44922,16675.44922,109000
2016/6/8,16722.49023,16830.91992,16581.71094,16830.91992,16830.91992,112100
2016/6/9,16742.0293,16785.83008,16587.76953,16668.41016,16668.41016,115500
2016/6/10,16637.50977,16643.35938,16496.10938,16601.35938,16601.35938,155000
2016/6/13,16319.11035,16335.37988,16019.17969,16019.17969,16019.17969,126200
2016/6/14,16001.19043,16082.5,15762.08984,15859,15859,131700
2016/6/15,15799.07031,15997.29981,15752.00977,15919.58008,15919.58008,136800
2016/6/16,15871.21973,15913.08008,15395.98047,15434.13965,15434.13965,154200
2016/6/17,15631.79004,15774.87012,15582.94043,15599.66016,15599.66016,167200
2016/6/20,15839.05957,16035.44043,15835.86035,15965.29981,15965.29981,132000
2016/6/21,15875.80957,16202.29981,15770.95996,16169.11035,16169.11035,120900
2016/6/22,16095.80957,16160.99023,15980.65039,16065.71973,16065.71973,111700
2016/6/23,16098.61035,16263.87012,16057.86035,16238.34961,16238.34961,110800
2016/6/24,16333.87012,16389.16992,14864.00977,14952.01953,14952.01953,263000
2016/6/27,15153.08008,15323.9502,15061.66016,15309.20996,15309.20996,161900
2016/6/28,15094.70996,15443.82031,14987.79004,15323.13965,15323.13965,180900
2016/6/29,15523.34961,15626.66016,15398.30957,15566.83008,15566.83008,147400
2016/6/30,15752.70996,15781.69043,15575.91992,15575.91992,15575.91992,150700
2016/7/1,15698.01953,15765,15635.57031,15682.48047,15682.48047,119900
2016/7/4,15554.04004,15805.30957,15553.91992,15775.79981,15775.79981,108500
2016/7/5,15682.16016,15702.04004,15602.73047,15669.33008,15669.33008,109200
2016/7/6,15434.45996,15434.45996,15167.98047,15378.99023,15378.99023,158400
2016/7/7,15346.80957,15418.90039,15241.91016,15276.24023,15276.24023,127300
2016/7/8,15326.83984,15399.7002,15106.51953,15106.98047,15106.98047,129500
2016/7/11,15375.94043,15816.66992,15375.94043,15708.82031,15708.82031,138900
2016/7/12,15961.29981,16237.62012,15956.91016,16095.65039,16095.65039,185100
2016/7/13,16343,16444.25,16196.44043,16231.42969,16231.42969,195600
2016/7/14,16242.2002,16398.73047,16229.25977,16385.89063,16385.89063,136100
2016/7/15,16396.11914,16607.32031,16396.11914,16497.84961,16497.84961,171900
2016/7/19,16612.08984,16726.71094,16514.66016,16723.31055,16723.31055,131600
2016/7/20,16646.91992,16692.83984,16554.0293,16681.89063,16681.89063,120500
2016/7/21,16855.17969,16938.96094,16740,16810.2207,16810.2207,134800
2016/7/22,16612.90039,16691.81055,16566.98047,16627.25,16627.25,100800
2016/7/25,16655.81055,16778.65039,16612.33008,16620.28906,16620.28906,102900
2016/7/26,16535.81055,16535.81055,16323.09961,16383.04004,16383.04004,129400
2016/7/27,16526.06055,16821.42969,16526.06055,16664.82031,16664.82031,155500
2016/7/28,16596.15039,16616.2793,16450.2793,16476.83984,16476.83984,126400
2016/7/29,16359.67969,16679.18945,16174.34961,16569.26953,16569.26953,234600
2016/8/1,16415.31055,16677.49023,16319.15039,16635.76953,16635.76953,174100
2016/8/2,16469.67969,16541.88086,16391.44922,16391.44922,16391.44922,131900
2016/8/3,16227.28027,16275.33984,16056.66992,16083.11035,16083.11035,155400
2016/8/4,16168.33984,16270.12012,15921.04004,16254.88965,16254.88965,160000
2016/8/5,16278.99023,16355.98047,16230.7002,16254.4502,16254.4502,129400
2016/8/8,16462.28906,16652.03906,16455.57031,16650.57031,16650.57031,141600
2016/8/9,16632.41016,16779.58984,16630.56055,16764.9707,16764.9707,127500
2016/8/10,16699.08008,16822.85938,16657.58984,16735.11914,16735.11914,113800
2016/8/12,16877.17969,16943.66992,16818.42969,16919.91992,16919.91992,119100
2016/8/15,16866.89063,16932.10938,16844.58008,16869.56055,16869.56055,83700
2016/8/16,16878.66016,16887.57031,16596.50977,16596.50977,16596.50977,110000
2016/8/17,16596.25977,16772.10938,16596.25977,16745.64063,16745.64063,117400
2016/8/18,16649.91016,16714.60938,16481.41016,16486.00977,16486.00977,130400
2016/8/19,16558.38086,16613.03906,16452.61914,16545.82031,16545.82031,121900
2016/8/22,16599.25977,16631.23047,16540.93945,16598.18945,16598.18945,95300
2016/8/23,16549.82031,16663.64063,16452.00977,16497.35938,16497.35938,107600
2016/8/24,16550.21094,16648.07031,16544.39063,16597.30078,16597.30078,91100
2016/8/25,16580.15039,16628.78906,16520.83984,16555.94922,16555.94922,92900
2016/8/26,16485.55078,16490.5293,16320.42969,16360.70996,16360.70996,104600
2016/8/29,16631.06055,16764.64063,16616.65039,16737.49023,16737.49023,113900
2016/8/30,16690.98047,16752.16016,16677.84961,16725.35938,16725.35938,103700
2016/8/31,16857.83008,16917.85938,16836.96094,16887.40039,16887.40039,150300
2016/9/1,16885.16016,16941.17969,16864.56055,16926.83984,16926.83984,131500
2016/9/2,16903.7793,16946.49023,16848.11914,16925.67969,16925.67969,116200
2016/9/5,17131.51953,17156.35938,17009.21094,17037.63086,17037.63086,127400
2016/9/6,17035.0293,17097.58984,17022.64063,17081.98047,17081.98047,108300
2016/9/7,16937.38086,17024.25977,16903.19922,17012.43945,17012.43945,132500
2016/9/8,16984,17001.83984,16836.65039,16958.76953,16958.76953,111300
2016/9/9,16994.36914,17029.7793,16902.08984,16965.75977,16965.75977,123900
2016/9/12,16748.35938,16802,16601.53906,16672.91992,16672.91992,112800
2016/9/13,16764.65039,16787.06055,16658.40039,16729.03906,16729.03906,98200
2016/9/14,16632.06055,16706.60938,16585.80078,16614.24023,16614.24023,116300
2016/9/15,16512.41992,16528.01953,16359.78027,16405.00977,16405.00977,117800
2016/9/16,16458.74023,16532.83984,16415.85938,16519.28906,16519.28906,127100
2016/9/20,16403.2207,16591.69922,16403.2207,16492.15039,16492.15039,121500
2016/9/21,16471.84961,16823.63086,16399.65039,16807.61914,16807.61914,191100
2016/9/23,16759.83984,16808.58984,16725.5293,16754.01953,16754.01953,138000
2016/9/26,16707.44922,16707.44922,16514.92969,16544.56055,16544.56055,102900
2016/9/27,16390.91016,16683.92969,16285.41016,16683.92969,16683.92969,157100
2016/9/28,16504.99023,16515.83984,16385.0293,16465.40039,16465.40039,112200
2016/9/29,16606.30078,16756.42969,16584.14063,16693.71094,16693.71094,122700
2016/9/30,16474.44922,16497.55078,16407.7793,16449.83984,16449.83984,124400
2016/10/3,16566.0293,16652.16016,16554.83008,16598.66992,16598.66992,99200
2016/10/4,16661.50977,16747.19922,16637.82031,16735.65039,16735.65039,100300
2016/10/5,16787.89063,16844.34961,16728.18945,16819.24023,16819.24023,115100
2016/10/6,16913.59961,16971.2793,16888.76953,16899.09961,16899.09961,110600
2016/10/7,16883.11914,16895.13086,16820.21094,16860.08984,16860.08984,100300
2016/10/11,16936.31055,17074.46094,16931.11914,17024.75977,17024.75977,111600
2016/10/12,16850.73047,16951.53906,16839.41016,16840,16840,116300
2016/10/13,16923.82031,16974.25,16739.73047,16774.24023,16774.24023,111100
2016/10/14,16751.03906,16866.56055,16727.7793,16856.36914,16856.36914,109400
2016/10/17,16871.83984,16954.43945,16821.49023,16900.11914,16900.11914,95100
2016/10/18,16862.31055,16966.90039,16844.16992,16963.60938,16963.60938,98600
2016/10/19,16952.91016,17016.66016,16938.46094,16998.91016,16998.91016,101700
2016/10/20,16999.35938,17235.5,16992.14063,17235.5,17235.5,112400
2016/10/21,17283.75,17288.89063,17151.98047,17184.58984,17184.58984,114200
2016/10/24,17216.56055,17244.74023,17162.21094,17234.41992,17234.41992,87700
2016/10/25,17298.63086,17381.80078,17298.63086,17365.25,17365.25,108400
2016/10/26,17329.0293,17391.83984,17295.46094,17391.83984,17391.83984,98100
2016/10/27,17346.39063,17414.21094,17278.11914,17336.41992,17336.41992,107600
2016/10/28,17448.25,17461.0293,17406.7207,17446.41016,17446.41016,167900
2016/10/31,17360.89063,17433.13086,17327.61914,17425.01953,17425.01953,157200
2016/11/1,17380.53906,17473.11914,17339.64063,17442.40039,17442.40039,123000
2016/11/2,17238,17283.59961,17080.58984,17134.67969,17134.67969,135200
2016/11/4,16964.5,16996.08984,16801.98047,16905.35938,16905.35938,134800
2016/11/7,17126.0293,17186.89063,17056.83984,17177.21094,17177.21094,113000
2016/11/8,17242.69922,17247.03906,17130.83008,17171.38086,17171.38086,100000
2016/11/9,17281.94922,17427.71094,16111.80957,16251.54004,16251.54004,274900
2016/11/10,16562.85938,17393.82031,16560.66016,17344.41992,17344.41992,229400
2016/11/11,17526.60938,17621.73047,17333.49023,17374.78906,17374.78906,241800
2016/11/14,17467.49023,17697.33008,17455.7793,17672.61914,17672.61914,165300
2016/11/15,17690.2207,17727.58008,17605.76953,17668.15039,17668.15039,173200
2016/11/16,17832.50977,17886.43945,17807.4707,17862.21094,17862.21094,200300
2016/11/17,17766.60938,17884.06055,17764.08008,17862.63086,17862.63086,161100
2016/11/18,18024.21094,18043.7207,17967.41016,17967.41016,17967.41016,166800
2016/11/21,18038.08984,18129.0293,18007.78906,18106.01953,18106.01953,135700
2016/11/22,18091.05078,18175.63086,18050.55078,18162.93945,18162.93945,121900
2016/11/24,18329.7793,18382.7207,18310.31055,18333.41016,18333.41016,149400
2016/11/25,18387.58984,18482.93945,18288.5,18381.2207,18381.2207,164900
2016/11/28,18302.58008,18374.92969,18222.82031,18356.89063,18356.89063,145000
2016/11/29,18263.63086,18327.50977,18258.82031,18307.03906,18307.03906,125600
2016/11/30,18356.0293,18370.31055,18280.66016,18308.48047,18308.48047,164700
2016/12/1,18535.24023,18746.2793,18469.26953,18513.11914,18513.11914,188000
2016/12/2,18435.55078,18469.67969,18315.38086,18426.08008,18426.08008,197200
2016/12/5,18349.91992,18365.74023,18227.39063,18274.99023,18274.99023,134500
2016/12/6,18457.19922,18484.80078,18318.99023,18360.53906,18360.53906,158800
2016/12/7,18434.53906,18502.4707,18410.88086,18496.68945,18496.68945,151700
2016/12/8,18674.18945,18765.4707,18614.00977,18765.4707,18765.4707,187400
2016/12/9,18839.98047,19042.48047,18821.41016,18996.36914,18996.36914,212300
2016/12/12,19183.82031,19280.92969,19054,19155.0293,19155.0293,200600
2016/12/13,19120.75977,19253.50977,19060.7207,19250.51953,19250.51953,147600
2016/12/14,19270.00977,19284.2793,19184.75,19253.60938,19253.60938,133200
2016/12/15,19327.69922,19436.90039,19192.59961,19273.78906,19273.78906,154600
2016/12/16,19438.39063,19439.9707,19360.35938,19401.15039,19401.15039,148700
2016/12/19,19345.83984,19399.25977,19307.14063,19391.59961,19391.59961,106000
2016/12/20,19367.83984,19511.19922,19356.81055,19494.5293,19494.5293,119600
2016/12/21,19547.2793,19592.90039,19375.18945,19444.49023,19444.49023,130300
2016/12/22,19396.84961,19427.66992,19327.50977,19427.66992,19427.66992,113500
2016/12/26,19394.41016,19432.48047,19385.93945,19396.64063,19396.64063,85500
2016/12/27,19353.42969,19478.58008,19352.06055,19403.06055,19403.06055,110200
2016/12/28,19392.10938,19442.13086,19364.73047,19401.7207,19401.7207,77700
2016/12/29,19301.03906,19301.03906,19092.2207,19145.14063,19145.14063,163500
2016/12/30,18997.67969,19176.81055,18991.58984,19114.36914,19114.36914,117800
2017/1/4,19298.67969,19594.16016,19277.92969,19594.16016,19594.16016,163500
2017/1/5,19602.09961,19615.40039,19473.2793,19520.68945,19520.68945,134500
2017/1/6,19393.55078,19472.36914,19354.43945,19454.33008,19454.33008,119100
2017/1/10,19414.83008,19484.90039,19255.34961,19301.43945,19301.43945,119100
2017/1/11,19358.64063,19402.16992,19325.46094,19364.66992,19364.66992,119100
2017/1/12,19300.18945,19300.18945,19069.01953,19134.69922,19134.69922,119100
2017/1/13,19174.9707,19299.35938,19156.92969,19287.2793,19287.2793,119100
2017/1/16,19219.13086,19255.41016,19061.26953,19095.24023,19095.24023,119100
2017/1/17,19038.44922,19043.91016,18812.85938,18813.5293,18813.5293,119100
2017/1/18,18753.96094,18941.24023,18650.33008,18894.36914,18894.36914,119100
2017/1/19,19082.83008,19122.39063,18982.13086,19072.25,19072.25,170600
2017/1/20,19059.15039,19176.85938,19040.19922,19137.91016,19137.91016,125800
2017/1/23,18938.44922,19024.21094,18879.67969,18891.0293,18891.0293,124800
2017/1/24,18817.41992,18915.69922,18783.16016,18787.99023,18787.99023,131500
2017/1/25,19091.23047,19133.17969,18987.44922,19057.5,19057.5,125400
2017/1/26,19260.66992,19405.23047,19232.46094,19402.39063,19402.39063,145200
2017/1/27,19453.50977,19486.67969,19404.13086,19467.40039,19467.40039,134600
2017/1/30,19371.2793,19390.9707,19295.80078,19368.84961,19368.84961,97800
2017/1/31,19145.34961,19199.75,19041.33984,19041.33984,19041.33984,133900
2017/2/1,18926.9707,19155.78906,18916.17969,19148.08008,19148.08008,131500
2017/2/2,19152.78906,19170.63086,18866.80078,18914.58008,18914.58008,136500
2017/2/3,18996.74023,19061.25977,18830.89063,18918.19922,18918.19922,140900
2017/2/6,19069.7207,19075.57031,18899.40039,18976.71094,18976.71094,120500
2017/2/7,18844.11914,18970.58008,18805.32031,18910.7793,18910.7793,106100
2017/2/8,18951.16016,19009.24023,18875.57031,19007.59961,19007.59961,102900
2017/2/9,18942.03906,18991.23047,18874.91016,18907.66992,18907.66992,130500
2017/2/10,19216.74023,19395.99023,19193.57031,19378.92969,19378.92969,149400
2017/2/13,19513.7793,19519.43945,19418.17969,19459.15039,19459.15039,117900
2017/2/14,19478.85938,19501.00977,19232.84961,19238.98047,19238.98047,142800
2017/2/15,19438.81055,19495.61914,19420,19437.98047,19437.98047,142800
2017/2/16,19431.60938,19431.60938,19260.24023,19347.5293,19347.5293,137800
2017/2/17,19228.74023,19275.39063,19173.5293,19234.61914,19234.61914,143600
2017/2/20,19161.33008,19274.75,19115.10938,19251.08008,19251.08008,98900
2017/2/21,19267.86914,19395.34961,19261.98047,19381.43945,19381.43945,100700
2017/2/22,19419.2207,19419.2207,19329.2793,19379.86914,19379.86914,156700
2017/2/23,19379.91992,19379.91992,19262.63086,19371.46094,19371.46094,140800
2017/2/24,19232.10938,19381.09961,19219.58008,19283.53906,19283.53906,148900
2017/2/27,19130.50977,19178.99023,18995.55078,19107.4707,19107.4707,124200
2017/2/28,19194.67969,19267.99023,19118.99023,19118.99023,19118.99023,132900
2017/3/1,19226.93945,19414.55078,19164.61914,19393.53906,19393.53906,132300
2017/3/2,19624.82031,19668.00977,19564.80078,19564.80078,19564.80078,146200
2017/3/3,19551.33984,19587.78906,19392.75,19469.16992,19469.16992,111000
2017/3/6,19409.17969,19411.53906,19340.32031,19379.14063,19379.14063,88000
2017/3/7,19337.18945,19375.08984,19317.09961,19344.15039,19344.15039,98800
2017/3/8,19308.5293,19326.40039,19198.7793,19254.0293,19254.0293,103200
2017/3/9,19343.06055,19350.19922,19262.98047,19318.58008,19318.58008,101100
2017/3/10,19444.71094,19623.7207,19427.81055,19604.60938,19604.60938,155300
2017/3/13,19545.74023,19656.48047,19531.50977,19633.75,19633.75,92600
2017/3/14,19634.28906,19637.55078,19599.61914,19609.5,19609.5,123300
2017/3/15,19528.75,19581.5293,19503.74023,19577.38086,19577.38086,115700
2017/3/16,19458.69922,19618.99023,19454.16992,19590.14063,19590.14063,122500
2017/3/17,19510.89063,19547.50977,19487.91992,19521.58984,19521.58984,137100
2017/3/21,19416.55078,19485.14063,19337.2207,19455.88086,19455.88086,101700
2017/3/22,19146.61914,19183.26953,19026.5293,19041.38086,19041.38086,136600
2017/3/23,19048.83984,19105.10938,18973.75,19085.31055,19085.31055,121000
2017/3/24,19066.34961,19296.05078,19060.64063,19262.5293,19262.5293,127700
2017/3/27,18985.58984,18985.58984,18985.58984,18985.58984,18985.58984,120800
2017/3/28,19159.07031,19203.64063,19113.43945,19202.86914,19202.86914,122300
2017/3/29,19216.7793,19251.30078,19164.60938,19217.48047,19217.48047,115100
2017/3/30,19150.82031,19218.08008,19043.48047,19063.2207,19063.2207,124500
2017/3/31,19170.41992,19210.91992,18909.25977,18909.25977,18909.25977,149200
2017/4/3,18988,19068.61914,18920.51953,18983.23047,18983.23047,134200
2017/4/4,18933.82031,18947.33008,18703.63086,18810.25,18810.25,146900
2017/4/5,18900.69922,18941.93945,18773.93945,18861.26953,18861.26953,121600
2017/4/6,18754.36914,18797.43945,18532.65039,18597.06055,18597.06055,133600
2017/4/7,18714.98047,18785.73047,18517.42969,18664.63086,18664.63086,161600
2017/4/10,18800.2207,18850.80078,18762.69922,18797.88086,18797.88086,111300
2017/4/11,18717.55078,18767.69922,18661.85938,18747.86914,18747.86914,105100
2017/4/12,18592.09961,18602.5,18460.58984,18552.60938,18552.60938,116300
2017/4/13,18391.7207,18455.25,18304.7207,18426.83984,18426.83984,123700
2017/4/14,18531.91016,18531.91016,18285.73047,18335.63086,18335.63086,0
2017/4/17,18239.83984,18361.43945,18224.67969,18355.25977,18355.25977,0
2017/4/18,18497.38086,18547.46094,18362.73047,18418.58984,18418.58984,93300
2017/4/19,18327.33008,18467.73047,18327.33008,18432.19922,18432.19922,120800
2017/4/20,18446.39063,18523.40039,18420.82031,18430.49023,18430.49023,116900
2017/4/21,18591.82031,18648.2793,18542.41992,18620.75,18620.75,113200
2017/4/24,18890.38086,18910.33008,18840.13086,18875.88086,18875.88086,98100
2017/4/25,18872.56055,19109.75977,18867.18945,19079.33008,19079.33008,118000
2017/4/26,19184.91992,19289.42969,19170.85938,19289.42969,19289.42969,129400
2017/4/27,19205.58984,19281.69922,19199.58984,19251.86914,19251.86914,116700
2017/4/28,19240.65039,19264.57031,19164.67969,19196.74023,19196.74023,117800
2017/5/1,19154.0293,19311.21094,19144.61914,19310.51953,19310.51953,106500
2017/5/2,19335.7207,19464.30078,19335.01953,19445.69922,19445.69922,112700
2017/5/8,19709.00977,19929.48047,19705.13086,19895.69922,19895.69922,148700
2017/5/9,19915.64063,19917.44922,19838.71094,19843,19843,123500
2017/5/10,19890.56055,19938.5293,19866.30078,19900.08984,19900.08984,129000
2017/5/11,19943.94922,19989.93945,19906.34961,19961.55078,19961.55078,136400
2017/5/12,19941.64063,19941.64063,19809.91016,19883.90039,19883.90039,136800
2017/5/15,19753.46094,19869.84961,19740.63086,19869.84961,19869.84961,128300
2017/5/16,19953.06055,19998.49023,19862.41016,19919.82031,19919.82031,131100
2017/5/17,19806.7793,19842.7793,19764.63086,19814.88086,19814.88086,118100
2017/5/18,19556.99023,19601.5293,19449.73047,19553.85938,19553.85938,135700
2017/5/19,19591.41016,19628.64063,19497.28906,19590.75977,19590.75977,115600
2017/5/22,19670.48047,19722.92969,19618.73047,19678.2793,19678.2793,78500
2017/5/23,19647.74023,19693.01953,19585.53906,19613.2793,19613.2793,83400
2017/5/24,19777.56055,19782.81055,19690.09961,19742.98047,19742.98047,101300
2017/5/25,19737.21094,19850.92969,19720.11914,19813.13086,19813.13086,95100
2017/5/26,19798.49023,19801.58984,19686.49023,19686.83984,19686.83984,84500
2017/5/29,19697.17969,19736.61914,19627.18945,19682.57031,19682.57031,67300
2017/5/30,19681.10938,19691.43945,19570.13086,19677.84961,19677.84961,72600
2017/5/31,19630.33008,19673.50977,19589.25,19650.57031,19650.57031,125100
2017/6/1,19692.16016,19887.66016,19686.32031,19860.0293,19860.0293,103500
2017/6/2,19970.23047,20239.81055,19967,20177.2793,20177.2793,150400
2017/6/5,20135.41992,20224.53906,20104.13086,20170.82031,20170.82031,99100
2017/6/6,20122.25977,20152.94922,19948.01953,19979.90039,19979.90039,102000
2017/6/7,19951.67969,20023.24023,19908.07031,19984.61914,19984.61914,99200
2017/6/8,20048.2793,20061.2207,19896.34961,19909.25977,19909.25977,125300
2017/6/9,19953.06055,20096.00977,19927.07031,20013.25977,20013.25977,145300
2017/6/12,19920.76953,19949.07031,19837.64063,19908.58008,19908.58008,112100
2017/6/13,19859.81055,19929.0293,19850.85938,19898.75,19898.75,97200
2017/6/14,19974.56055,20009.92969,19879.59961,19883.51953,19883.51953,92900
2017/6/15,19815.53906,19963.35938,19755.33984,19831.82031,19831.82031,107000
2017/6/16,19931.15039,20015.16016,19884.80078,19943.25977,19943.25977,135300
2017/6/19,19974.30078,20087.71094,19949.88086,20067.75,20067.75,79700
2017/6/20,20234.11914,20318.10938,20227.28906,20230.41016,20230.41016,99300
2017/6/21,20192.16016,20215.10938,20117.78906,20138.78906,20138.78906,94900
2017/6/22,20154.38086,20191.41992,20107.89063,20110.50977,20110.50977,84600
2017/6/23,20152.58008,20152.58008,20089.53906,20132.66992,20132.66992,80500
2017/6/26,20132.81055,20196.38086,20119.03906,20153.34961,20153.34961,77000
2017/6/27,20229.11914,20250.09961,20185.18945,20225.08984,20225.08984,90300
2017/6/28,20149.19922,20224.30078,20110.49023,20130.41016,20130.41016,115500
2017/6/29,20260.86914,20266.58984,20197.38086,20220.30078,20220.30078,118800
2017/6/30,20025.63086,20044.00977,19946.50977,20033.42969,20033.42969,116600
2017/7/3,20056.32031,20096.14063,20030.60938,20055.80078,20055.80078,83400
2017/7/4,20192.26953,20197.16016,19971.5293,20032.34961,20032.34961,100300
2017/7/5,20015.07031,20087.00977,19888.90039,20081.63086,20081.63086,94600
2017/7/6,20061.67969,20078.88086,19947.63086,19994.06055,19994.06055,92700
2017/7/7,19856.65039,19979.92969,19856.65039,19929.08984,19929.08984,91900
2017/7/10,20070.43945,20127.75977,20023.0293,20080.98047,20080.98047,85700
2017/7/11,20073.85938,20200.88086,20070.66992,20195.48047,20195.48047,77300
2017/7/12,20137.2207,20153.03906,20061.16016,20098.38086,20098.38086,81400
2017/7/13,20177.2793,20183.80078,20062.26953,20099.81055,20099.81055,90500
2017/7/14,20157.91992,20163.66992,20101.71094,20118.85938,20118.85938,83100
2017/7/18,20074.41016,20081.28906,19943.14063,19999.91016,19999.91016,93400
2017/7/19,19970.7793,20032.46094,19947.25977,20020.85938,20020.85938,81200
2017/7/20,20046.90039,20157.10938,20032.23047,20144.58984,20144.58984,80800
2017/7/21,20089.85938,20135.33008,20081.91016,20099.75,20099.75,78700
2017/7/24,19973.66992,20002.53906,19901.88086,19975.66992,19975.66992,81300
2017/7/25,19979.56055,20036.31055,19941.60938,19955.19922,19955.19922,70100
2017/7/26,20098.14063,20116,20016.58008,20050.16016,20050.16016,85500
2017/7/27,20026.58008,20176.39063,20005.19922,20079.64063,20079.64063,89900
2017/7/28,20048.46094,20056.16016,19926.59961,19959.83984,19959.83984,108500
2017/7/31,19933.44922,19983.90039,19891.90039,19925.17969,19925.17969,140300
2017/8/1,19907.08008,20000.46094,19904.7207,19985.78906,19985.78906,110100
2017/8/2,20057.07031,20113.73047,20022.05078,20080.03906,20080.03906,95600
2017/8/3,20066,20070.16016,19985.40039,20029.25977,20029.25977,89300
2017/8/4,19949.78906,19984.50977,19933.58984,19952.33008,19952.33008,76500
2017/8/7,20059.28906,20085.90039,20037.40039,20055.89063,20055.89063,75300
2017/8/8,20062.65039,20076.80078,19970.57031,19996.00977,19996.00977,80400
2017/8/9,19928.96094,19945.2793,19660.2207,19738.71094,19738.71094,104400
2017/8/10,19792.44922,19829.88086,19685.83008,19729.74023,19729.74023,104200
2017/8/14,19545.58008,19598.41016,19486.48047,19537.09961,19537.09961,108300
2017/8/15,19689.38086,19824.11914,19656.91016,19753.31055,19753.31055,90300
2017/8/16,19750.55078,19776.85938,19719.08008,19729.2793,19729.2793,69400
2017/8/17,19707.75,19739.03906,19679.36914,19702.63086,19702.63086,71900
2017/8/18,19471.26953,19543.13086,19433.08984,19470.41016,19470.41016,95700
2017/8/21,19509.5293,19509.5293,19365.65039,19393.13086,19393.13086,75300
2017/8/22,19373.10938,19437.25,19361.94922,19383.83984,19383.83984,70500
2017/8/23,19547.05078,19561.32031,19408.4707,19434.64063,19434.64063,78500
2017/8/24,19366.35938,19428.55078,19351.91992,19353.76953,19353.76953,75400
2017/8/25,19401.11914,19485.9707,19384.36914,19452.60938,19452.60938,70700
2017/8/28,19502.23047,19535.5,19420.5,19449.90039,19449.90039,69500
2017/8/29,19319.10938,19371.90039,19280.01953,19362.55078,19362.55078,75000
2017/8/30,19480.98047,19538.23047,19435.09961,19506.53906,19506.53906,91800
2017/8/31,19591.32031,19687.99023,19583.10938,19646.24023,19646.24023,97900
2017/9/1,19733.57031,19735.96094,19620.07031,19691.4707,19691.4707,79400
2017/9/4,19615.96094,19628.40039,19479.40039,19508.25,19508.25,71700
2017/9/5,19533.38086,19542.7793,19354.58984,19385.81055,19385.81055,77600
2017/9/6,19286.06055,19371.38086,19254.66992,19357.9707,19357.9707,88500
2017/9/7,19433.43945,19482.7207,19365.75,19396.51953,19396.51953,81900
2017/9/8,19297.96094,19357.49023,19239.51953,19274.82031,19274.82031,106600
2017/9/11,19441.39063,19567.0293,19437.14063,19545.76953,19545.76953,78700
2017/9/12,19736.14063,19792.06055,19718.80078,19776.61914,19776.61914,89900
2017/9/13,19873.68945,19888.83984,19845.01953,19865.82031,19865.82031,84500
2017/9/14,19860.36914,19918.39063,19793.84961,19807.43945,19807.43945,93700
2017/9/15,19793.80078,19933.40039,19787.65039,19909.5,19909.5,111900
2017/9/19,20128.17969,20320.7793,20122,20299.38086,20299.38086,120900
2017/9/20,20301.33008,20339.36914,20272.82031,20310.46094,20310.46094,100400
2017/9/21,20456.5,20481.26953,20332.68945,20347.48047,20347.48047,115900
2017/9/22,20413.60938,20417.07031,20249.24023,20296.44922,20296.44922,95400
2017/9/25,20439.42969,20454.28906,20367.0293,20397.58008,20397.58008,82800
2017/9/26,20349.25977,20385.5,20303.98047,20330.18945,20330.18945,95000
2017/9/27,20269.82031,20278.08984,20213.66016,20267.05078,20267.05078,63600
2017/9/28,20398.63086,20399.86914,20299.67969,20363.10938,20363.10938,84000
2017/9/29,20315.33984,20370.33008,20285.06055,20356.2793,20356.2793,85100
2017/10/2,20400.50977,20411.33008,20363.2793,20400.7793,20400.7793,67600
2017/10/3,20475.25,20628.38086,20438.16992,20614.07031,20614.07031,72800
2017/10/4,20660.81055,20689.08008,20592.17969,20626.66016,20626.66016,73500
2017/10/5,20650.71094,20667.4707,20602.25977,20628.56055,20628.56055,57300
2017/10/6,20716.84961,20721.15039,20659.15039,20690.71094,20690.71094,75900
2017/10/10,20680.53906,20823.66016,20663.08008,20823.50977,20823.50977,78300
2017/10/11,20803.71094,20898.41016,20788.11914,20881.26953,20881.26953,80200
2017/10/12,20958.17969,20994.40039,20917.03906,20954.7207,20954.7207,80400
2017/10/13,20959.66016,21211.28906,20933,21155.17969,21155.17969,110500
2017/10/16,21221.26953,21347.07031,21187.92969,21255.56055,21255.56055,102300
2017/10/17,21352.16992,21393.96094,21230.66992,21336.11914,21336.11914,92400
2017/10/18,21374.66016,21402.75977,21317.66992,21363.05078,21363.05078,72700
2017/10/19,21450.03906,21503.84961,21381.51953,21448.51953,21448.51953,84600
2017/10/20,21390.94922,21489.25977,21363.09961,21457.64063,21457.64063,85700
2017/10/23,21709.30078,21723.59961,21614.50977,21696.65039,21696.65039,87400
2017/10/24,21670,21805.16992,21646.51953,21805.16992,21805.16992,88200
2017/10/25,21900.13086,21921.35938,21648.34961,21707.61914,21707.61914,122000
2017/10/26,21698.94922,21793.61914,21688.56055,21739.7793,21739.7793,82600
2017/10/27,21903.26953,22016.5,21815.7207,22008.44922,22008.44922,120400
2017/10/30,22047.94922,22086.88086,21921.24023,22011.66992,22011.66992,135600
2017/10/31,21897.28906,22020.38086,21840.07031,22011.60938,22011.60938,102400
2017/11/1,22144.91992,22455.91992,22130.0293,22420.08008,22420.08008,112600
2017/11/2,22512.17969,22540.25,22400.00977,22539.11914,22539.11914,105700
2017/11/3,22512.17969,22540.25,22400.00977,22539.11914,22539.11914,0
2017/11/6,22612.96094,22644.67969,22435.33984,22548.34961,22548.34961,111900
2017/11/7,22518.75,22953.17969,22512.91016,22937.59961,22937.59961,107800
2017/11/8,22849.91016,22922.80078,22759.07031,22913.82031,22913.82031,100200
2017/11/9,22989.43945,23382.15039,22522.83008,22868.71094,22868.71094,160400
2017/11/10,22580.69922,22724.39063,22511.92969,22681.41992,22681.41992,106600
2017/11/13,22607.56055,22607.91992,22380.99023,22380.99023,22380.99023,80700
2017/11/14,22342.92969,22532.30078,22323.24023,22380.00977,22380.00977,95900
2017/11/15,22250.98047,22305.24023,22004.78906,22028.32031,22028.32031,120600
2017/11/16,21975.23047,22392.13086,21972.33984,22351.11914,22351.11914,96600
2017/11/17,22603.30078,22757.40039,22319.11914,22396.80078,22396.80078,113700
2017/11/20,22279.98047,22410.24023,22215.07031,22261.75977,22261.75977,71700
2017/11/21,22456.78906,22563.25,22416.48047,22416.48047,22416.48047,76100
2017/11/22,22601.55078,22677.33984,22513.43945,22523.15039,22523.15039,81100
2017/11/24,22390.14063,22567.19922,22381.00977,22550.84961,22550.84961,64800
2017/11/27,22657.08008,22659.33008,22423.40039,22495.99023,22495.99023,66600
2017/11/28,22474.74023,22580.99023,22363.93945,22486.24023,22486.24023,76800
2017/11/29,22613.96094,22643.92969,22537.11914,22597.19922,22597.19922,90700
2017/11/30,22601.83008,22748.32031,22502.67969,22724.96094,22724.96094,140700
2017/12/1,22916.92969,22994.31055,22675.07031,22819.0293,22819.0293,89700
2017/12/4,22843.5293,22864.33008,22693.99023,22707.16016,22707.16016,68900
2017/12/5,22595.33008,22682.71094,22522.2793,22622.38086,22622.38086,75900
2017/12/6,22525.38086,22528.21094,22119.21094,22177.03906,22177.03906,97300
2017/12/7,22317.15039,22515.24023,22317.15039,22498.0293,22498.0293,79500
2017/12/8,22627.94922,22819.71094,22625.41016,22811.08008,22811.08008,106900
2017/12/11,22894.30078,22938.73047,22787.40039,22938.73047,22938.73047,69500
2017/12/12,22936.41016,22994.33008,22834.89063,22866.16992,22866.16992,86100
2017/12/13,22879.26953,22879.36914,22697.32031,22758.07031,22758.07031,91400
2017/12/14,22699.30078,22786.60938,22638.75977,22694.44922,22694.44922,85100
2017/12/15,22621.35938,22745.08984,22478.32031,22553.2207,22553.2207,99400
2017/12/18,22770.43945,22927.5,22735.19922,22901.76953,22901.76953,85200
2017/12/19,22961.4707,22990.41992,22862.82031,22868,22868,70500
2017/12/20,22834.92969,22923.5,22806.73047,22891.7207,22891.7207,92400
2017/12/21,22852.00977,22894.94922,22728.06055,22866.09961,22866.09961,73000
2017/12/22,22850.73047,22908.83984,22801.16016,22902.75977,22902.75977,77800
2017/12/25,22909.41016,22948.83008,22870.18945,22939.17969,22939.17969,0
2017/12/26,22922.94922,22950.15039,22877.63086,22892.68945,22892.68945,46400
2017/12/27,22854.39063,22936.16016,22854.39063,22911.21094,22911.21094,47200
2017/12/28,22912.05078,22954.44922,22736.42969,22783.98047,22783.98047,50300
2017/12/29,22831.49023,22881.21094,22753.19922,22764.93945,22764.93945,46500
2018/1/4,23073.73047,23506.33008,23065.19922,23506.33008,23506.33008,102200
2018/1/5,23643,23730.4707,23520.51953,23714.5293,23714.5293,101900
2018/1/9,23948.9707,23952.60938,23789.0293,23849.99023,23849.99023,94100
2018/1/10,23832.81055,23864.75977,23755.44922,23788.19922,23788.19922,88800
2018/1/11,23656.39063,23734.9707,23601.83984,23710.42969,23710.42969,83700
2018/1/12,23719.66016,23743.05078,23588.07031,23653.82031,23653.82031,93700
2018/1/15,23827.98047,23833.26953,23685.01953,23714.88086,23714.88086,75400
2018/1/16,23721.16992,23962.07031,23701.83008,23951.81055,23951.81055,68500
2018/1/17,23783.41992,23891.63086,23739.16992,23868.33984,23868.33984,82200
2018/1/18,24078.92969,24084.41992,23699.4707,23763.36914,23763.36914,99400
2018/1/19,23854.10938,23872.68945,23735.60938,23808.06055,23808.06055,71800
2018/1/22,23797.83984,23816.33008,23697.81055,23816.33008,23816.33008,65200
2018/1/23,23924.40039,24129.33984,23916.01953,24124.15039,24124.15039,73400
2018/1/24,24026.42969,24072.76953,23917.14063,23940.7793,23940.7793,79900
2018/1/25,23750.65039,23828.40039,23649.0293,23669.49023,23669.49023,81500
2018/1/26,23757.33984,23797.96094,23592.2793,23631.88086,23631.88086,87200
2018/1/29,23707.14063,23787.23047,23580.16992,23629.33984,23629.33984,68800
2018/1/30,23559.33008,23581.98047,23233.36914,23291.9707,23291.9707,88800
2018/1/31,23205.23047,23375.38086,23092.84961,23098.28906,23098.28906,99800
2018/2/1,23276.09961,23492.76953,23211.11914,23486.10938,23486.10938,101800
2018/2/2,23361.66992,23367.96094,23122.44922,23274.5293,23274.5293,98600
2018/2/5,22921.16016,22967.68945,22659.42969,22682.08008,22682.08008,107600
2018/2/6,22267,22277.44922,21078.71094,21610.24023,21610.24023,190100
2018/2/7,22001.28906,22353.86914,21627.13086,21645.36914,21645.36914,143500
2018/2/8,21721.57031,21977.0293,21649.69922,21890.85938,21890.85938,104700
2018/2/9,21507.74023,21510.30078,21119.00977,21382.61914,21382.61914,127600
2018/2/13,21633.33984,21679.19922,21211.5293,21244.67969,21244.67969,114700
2018/2/14,21251.24023,21371.00977,20950.15039,21154.16992,21154.16992,103900
2018/2/15,21384.09961,21578.99023,21308.91992,21464.98047,21464.98047,86400
2018/2/16,21555.99023,21866.36914,21499.88086,21720.25,21720.25,77800
2018/2/19,21903.66016,22152.84961,21858.33008,22149.21094,22149.21094,68500
2018/2/20,22054.32031,22063.86914,21831.44922,21925.09961,21925.09961,67500
2018/2/21,21942.41992,22130.58008,21836.73047,21970.81055,21970.81055,77900
2018/2/22,21789.88086,21799.40039,21626.84961,21736.43945,21736.43945,77300
2018/2/23,21789.7207,21903.39063,21741.63086,21892.7793,21892.7793,64600
2018/2/26,22134.64063,22226.5293,22040.86914,22153.63086,22153.63086,64600
2018/2/27,22391.66992,22502.05078,22325.07031,22389.85938,22389.85938,74300
2018/2/28,22292.5293,22380.2793,22068.24023,22068.24023,22068.24023,88800
2018/3/1,21901.13086,21901.13086,21645.2207,21724.4707,21724.4707,90300
2018/3/2,21339.98047,21366.08984,21088.96094,21181.64063,21181.64063,97100
2018/3/5,21047.81055,21164.38086,20937.25977,21042.08984,21042.08984,87200
2018/3/6,21390.19922,21551.14063,21381.41992,21417.75977,21417.75977,76400
2018/3/7,21261.96094,21484.08008,21201.93945,21252.7207,21252.7207,87000
2018/3/8,21488.16016,21488.16016,21299.40039,21368.07031,21368.07031,72100
2018/3/9,21594.2207,21884.44922,21357.55078,21469.19922,21469.19922,110500
2018/3/12,21826.09961,21971.16016,21689.9707,21824.0293,21824.0293,70600
2018/3/13,21742.44922,21968.09961,21700.7793,21968.09961,21968.09961,68100
2018/3/14,21764.99023,21881.08984,21684.01953,21777.28906,21777.28906,65000
2018/3/15,21704.14063,21825.9707,21555.49023,21803.94922,21803.94922,65300
2018/3/16,21876.5293,21879.2793,21632.84961,21676.50977,21676.50977,75700
2018/3/19,21537.90039,21659.03906,21366.88086,21480.90039,21480.90039,67300
2018/3/20,21297.98047,21384.85938,21223.9707,21380.9707,21380.9707,66500
2018/3/22,21352.16016,21592,21349.71094,21591.99023,21591.99023,82600
2018/3/23,21188.80078,21188.80078,20559.60938,20617.85938,20617.85938,121000
2018/3/26,20423.36914,20766.09961,20347.49023,20766.09961,20766.09961,97500
2018/3/27,20958.90039,21317.32031,20943.31055,21317.32031,21317.32031,101900
2018/3/28,20893.05078,21031.31055,20776.82031,21031.31055,21031.31055,88100
2018/3/29,21250.96094,21298.57031,20996.2207,21159.08008,21159.08008,78900
2018/3/30,21392.41992,21512.80078,21311.5,21454.30078,21454.30078,63600
2018/4/2,21441.57031,21597.4707,21388.58008,21388.58008,21388.58008,47500
2018/4/3,21115.48047,21333.5,21056.01953,21292.28906,21292.28906,63800
2018/4/4,21415.84961,21415.84961,21238.17969,21319.55078,21319.55078,75600
2018/4/5,21541.17969,21737.66016,21462.09961,21645.41992,21645.41992,80700
2018/4/6,21633.73047,21742.83984,21550.41992,21567.51953,21567.51953,74400
2018/4/9,21534.33008,21737.08984,21517.76953,21678.25977,21678.25977,62100
2018/4/10,21599.66992,21933.99023,21542.36914,21794.32031,21794.32031,74700
2018/4/11,21819.08984,21837.35938,21687.09961,21687.09961,21687.09961,69500
2018/4/12,21657.86914,21719.42969,21591.39063,21660.2793,21660.2793,58400
2018/4/13,21801.41016,21917.34961,21746.68945,21778.74023,21778.74023,73100
2018/4/16,21843.55078,21879.68945,21775.60938,21835.5293,21835.5293,53400
2018/4/17,21801.83008,21889.89063,21772.41992,21847.58984,21847.58984,57400
2018/4/18,21929.00977,22194.10938,21914.96094,22158.19922,22158.19922,70400
2018/4/19,22231.85938,22360.65039,22176.85938,22191.17969,22191.17969,79700
2018/4/20,22148.2207,22261.34961,22076.63086,22162.24023,22162.24023,69600
2018/4/23,22157.88086,22204.85938,22065.51953,22088.03906,22088.03906,64000
2018/4/24,22228.82031,22304.68945,22149.58984,22278.11914,22278.11914,76500
2018/4/25,22118.61914,22228.7793,22080.75977,22215.32031,22215.32031,73300
2018/4/26,22278.76953,22381.66016,22265.19922,22319.60938,22319.60938,72800
2018/4/27,22466.66016,22495.56055,22357.5293,22467.86914,22467.86914,89100
2018/5/1,22453.41992,22519.44922,22411.42969,22508.0293,22508.0293,89900
2018/5/2,22568.18945,22568.18945,22426.55078,22472.7793,22472.7793,70700
2018/5/7,22513.2207,22513.48047,22350.91016,22467.16016,22467.16016,69000
2018/5/8,22440.65039,22566.67969,22423.23047,22508.68945,22508.68945,77000
2018/5/9,22463.00977,22478.64063,22364.75,22408.88086,22408.88086,86000
2018/5/10,22482.50977,22530.64063,22418.75,22497.17969,22497.17969,73300
2018/5/11,22573.94922,22769.16016,22545.4707,22758.48047,22758.48047,80200
2018/5/14,22705.30078,22894.75977,22683.64063,22865.85938,22865.85938,68900
2018/5/15,22889.4707,22912.06055,22805.7207,22818.01953,22818.01953,86400
2018/5/16,22730.11914,22796.14063,22695.83984,22717.23047,22717.23047,80200
2018/5/17,22820.61914,22887.0293,22799.16016,22838.36914,22838.36914,75600
2018/5/18,22907.19922,22954.18945,22867.30078,22930.35938,22930.35938,65300
2018/5/21,22937.58008,23050.39063,22935.31055,23002.36914,23002.36914,59100
2018/5/22,23025.94922,23031.66992,22952.86914,22960.33984,22960.33984,59400
2018/5/23,22868.78906,22949.73047,22649.84961,22689.74023,22689.74023,75000
2018/5/24,22621.28906,22644.68945,22366.59961,22437.00977,22437.00977,85600
2018/5/25,22380.2207,22509.35938,22318.15039,22450.78906,22450.78906,70400
2018/5/28,22488.94922,22547.66992,22410.91016,22481.08984,22481.08984,52900
2018/5/29,22431.94922,22439.09961,22240.39063,22358.42969,22358.42969,59800
2018/5/30,22051.9707,22079.23047,21931.65039,22018.51953,22018.51953,90500
2018/5/31,22163.40039,22254.41992,22098,22201.82031,22201.82031,132400
2018/6/1,22126.25,22316.91016,22098.03906,22171.34961,22171.34961,82500
2018/6/4,22365.08984,22515.7207,22355.83008,22475.93945,22475.93945,71900
2018/6/5,22552.16992,22602.13086,22470.03906,22539.53906,22539.53906,65800
2018/6/6,22520.31055,22662.82031,22498.58984,22625.73047,22625.73047,67900
2018/6/7,22748.7207,22856.36914,22732.17969,22823.25977,22823.25977,72200
2018/6/8,22799.38086,22879,22694.5,22694.5,22694.5,85200
2018/6/11,22686.94922,22856.08008,22667.30078,22804.03906,22804.03906,55700
2018/6/12,22977.2207,23011.57031,22797.73047,22878.34961,22878.34961,63900
2018/6/13,22896.16992,22993.25977,22895.31055,22966.38086,22966.38086,57000
2018/6/14,22842.96094,22898.39063,22738.60938,22738.60938,22738.60938,72100
2018/6/15,22883.24023,22885.83984,22770.38086,22851.75,22851.75,88500
2018/6/18,22806.57031,22806.89063,22601.13086,22680.33008,22680.33008,65000
2018/6/19,22565.91992,22618.51953,22278.48047,22278.48047,22278.48047,79400
2018/6/20,22338.5293,22581.40039,22167.16016,22555.42969,22555.42969,88900
2018/6/21,22523.2793,22782.00977,22491.08008,22693.03906,22693.03906,76000
2018/6/22,22456.44922,22535.65039,22414.17969,22516.83008,22516.83008,85900
2018/6/25,22543.56055,22556.55078,22312.78906,22338.15039,22338.15039,60600
2018/6/26,22160.33008,22368.7793,22104.11914,22342,22342,71300
2018/6/27,22320.88086,22356.53906,22205.33984,22271.76953,22271.76953,65800
2018/6/28,22195.18945,22299.39063,22038.40039,22270.39063,22270.39063,70000
2018/6/29,22314.4707,22332.82031,22145.48047,22304.50977,22304.50977,67900
2018/7/2,22233.80078,22312.25,21784.48047,21811.92969,21811.92969,67100
2018/7/3,21889.06055,21927.81055,21574.56055,21785.53906,21785.53906,76500
2018/7/4,21679,21784,21604.17969,21717.03906,21717.03906,62200
2018/7/5,21697.43945,21751.5,21462.94922,21546.99023,21546.99023,66700
2018/7/6,21647.66016,21866.16016,21642.96094,21788.14063,21788.14063,71600
2018/7/9,21838.5293,22105.94922,21825.75977,22052.17969,22052.17969,61200
2018/7/10,22215.33984,22321.59961,22196.89063,22196.89063,22196.89063,90700
2018/7/11,22002.14063,22044.61914,21744.25,21932.21094,21932.21094,74900
2018/7/12,22036.86914,22233.51953,22019.18945,22187.96094,22187.96094,64400
2018/7/13,22397.61914,22692.85938,22316.51953,22597.34961,22597.34961,72600
2018/7/16,22397.61914,22692.85938,22316.51953,22597.34961,22597.34961,0
2018/7/17,22605.73047,22832.2207,22575.41992,22697.35938,22697.35938,75800
2018/7/18,22917.51953,22949.32031,22794.18945,22794.18945,22794.18945,56500
2018/7/19,22871.61914,22926.4707,22761.86914,22764.67969,22764.67969,62400
2018/7/20,22734.56055,22869.98047,22541.34961,22697.88086,22697.88086,69700
2018/7/23,22480.33008,22507.16992,22341.86914,22396.99023,22396.99023,88000
2018/7/24,22555.05078,22555.05078,22416.23047,22510.48047,22510.48047,70400
2018/7/25,22594.2793,22645.66016,22547.14063,22614.25,22614.25,58700
2018/7/26,22711.58984,22717.15039,22549.76953,22586.86914,22586.86914,69600
2018/7/27,22646.48047,22712.75,22593.19922,22712.75,22712.75,73200
2018/7/30,22613.30078,22631.32031,22518.93945,22544.83984,22544.83984,76200
2018/7/31,22472.11914,22678.06055,22352.21094,22553.7207,22553.7207,115400
2018/8/1,22642.17969,22775.4707,22615.98047,22746.69922,22746.69922,100800
2018/8/2,22676.73047,22754.73047,22464.81055,22512.5293,22512.5293,94500
2018/8/3,22585.53906,22613.5,22490.57031,22525.17969,22525.17969,71700
2018/8/6,22536.05078,22635.67969,22486.74023,22507.32031,22507.32031,67000
2018/8/7,22514.31055,22666.67969,22499.05078,22662.74023,22662.74023,69400
2018/8/8,22666.56055,22800.60938,22610.28906,22644.31055,22644.31055,72800
2018/8/9,22591.53906,22648.88086,22497.99023,22598.39063,22598.39063,61800
2018/8/10,22606.91016,22608.85938,22272.68945,22298.08008,22298.08008,73900
2018/8/13,22117.57031,22124.59961,21851.32031,21857.42969,21857.42969,77800
2018/8/14,22053.07031,22356.08008,22047.18945,22356.08008,22356.08008,59700
2018/8/15,22368.11914,22380.2793,22110.28906,22204.2207,22204.2207,61200
2018/8/16,21980.82031,22240.41992,21871.69922,22192.03906,22192.03906,77900
2018/8/17,22313.18945,22340.94922,22244.09961,22270.38086,22270.38086,56100
2018/8/20,22267.07031,22288.31055,22150.75,22199,22199,46800
2018/8/21,22110.53906,22306.83008,22053.14063,22219.73047,22219.73047,54500
2018/8/22,22270.03906,22390.19922,22162.81055,22362.55078,22362.55078,57100
2018/8/23,22420.66992,22463.0293,22377.88086,22410.82031,22410.82031,50100
2018/8/24,22484.00977,22602.24023,22452.41992,22601.76953,22601.76953,50400
2018/8/27,22693.68945,22838.06055,22682.39063,22799.64063,22799.64063,50200
2018/8/28,22967.74023,23006.76953,22813.4707,22813.4707,22813.4707,60700
2018/8/29,22820.85938,22968.17969,22819.9707,22848.2207,22848.2207,58800
2018/8/30,23020.17969,23032.16992,22832.83008,22869.5,22869.5,73900
2018/8/31,22733.25,22890.60938,22678.0293,22865.15039,22865.15039,68100
2018/9/3,22819.16992,22820.48047,22684.42969,22707.38086,22707.38086,49900
2018/9/4,22740.05078,22753.17969,22612.15039,22696.90039,22696.90039,52300
2018/9/5,22663.80078,22692.25,22570.51953,22580.83008,22580.83008,65400
2018/9/6,22458.9707,22535.33984,22416.63086,22487.93945,22487.93945,62200
2018/9/7,22351.83984,22372.89063,22172.90039,22307.06055,22307.06055,69800
2018/9/10,22253.65039,22396.88086,22249.60938,22373.08984,22373.08984,55700
2018/9/11,22469.7793,22667.84961,22457.09961,22664.68945,22664.68945,76500
2018/9/12,22702.71094,22709.36914,22522.16992,22604.60938,22604.60938,79800
2018/9/13,22657.94922,22858.41016,22643.88086,22821.32031,22821.32031,75000
2018/9/14,23035.7793,23105.2793,22965.48047,23094.66992,23094.66992,102700
2018/9/18,23042.18945,23481.5293,23039.25977,23420.53906,23420.53906,90600
2018/9/19,23754.96094,23842.05078,23672.51953,23672.51953,23672.51953,93600
2018/9/20,23752.78906,23781.75,23582.15039,23674.92969,23674.92969,101600
2018/9/21,23848.63086,23971.41016,23764.05078,23869.92969,23869.92969,120600
2018/9/25,23881.84961,23950.98047,23808.94922,23940.25977,23940.25977,100800
2018/9/26,23846.59961,24033.78906,23833.91992,24033.78906,24033.78906,84200
2018/9/27,23946.42969,24089.32031,23778.03906,23796.74023,23796.74023,76200
2018/9/28,24080.00977,24286.09961,24021.26953,24120.03906,24120.03906,90700
2018/10/1,24173.36914,24306.53906,24123.5,24245.75977,24245.75977,65000
2018/10/2,24376.16992,24448.07031,24217.25977,24270.61914,24270.61914,80500
2018/10/3,24219.18945,24260.63086,24030.58984,24110.96094,24110.96094,71300
2018/10/4,24242.06055,24247.82031,23923.25977,23975.61914,23975.61914,89400
2018/10/5,23781.75977,23928.61914,23730.18945,23783.7207,23783.7207,84600
2018/10/9,23550.4707,23587.05078,23442.46094,23469.39063,23469.39063,86500
2018/10/10,23538.91992,23589.38086,23373.53906,23506.03906,23506.03906,70600
2018/10/11,23043.36914,23051.18945,22459.01953,22590.85938,22590.85938,115300
2018/10/12,22323.42969,22711.13086,22323.42969,22694.66016,22694.66016,99500
2018/10/15,22501.33008,22520.58984,22261.91992,22271.30078,22271.30078,79900
2018/10/16,22298.19922,22549.24023,22269.5293,22549.24023,22549.24023,70100
2018/10/17,22806.58984,22959.41016,22765.58008,22841.11914,22841.11914,72100
2018/10/18,22871.2793,22873.13086,22637.28906,22658.16016,22658.16016,64300
2018/10/19,22342,22551.66992,22212.57031,22532.08008,22532.08008,67400
2018/10/22,22374.21094,22672.25,22271.58984,22614.82031,22614.82031,63000
2018/10/23,22404.14063,22410.15039,21993.07031,22010.7793,22010.7793,80200
2018/10/24,22167.75977,22207.08984,21911.41992,22091.17969,22091.17969,83900
2018/10/25,21676.83008,21703.21094,21204.40039,21268.73047,21268.73047,93600
2018/10/26,21440.83984,21476.66016,20971.92969,21184.59961,21184.59961,92900
2018/10/29,21323.60938,21465.99023,21109.9707,21149.80078,21149.80078,70800
2018/10/30,21049.51953,21568.40039,21035.88086,21457.28906,21457.28906,116900
2018/10/31,21569.56055,21920.46094,21530.39063,21920.46094,21920.46094,105000
2018/11/1,21906.41016,21906.41016,21628.44922,21687.65039,21687.65039,101900
2018/11/2,21761.58008,22308.41992,21751.33008,22243.66016,22243.66016,101900
2018/11/5,22002.4707,22051.65039,21865.98047,21898.99023,21898.99023,78700
2018/11/6,22018.86914,22160.83008,21994.2793,22147.75,22147.75,0
2018/11/7,22189.74023,22444.65039,21996.93945,22085.80078,22085.80078,96300
2018/11/8,22446.00977,22583.42969,22421,22486.91992,22486.91992,81900
2018/11/9,22471.31055,22494.58008,22226.00977,22250.25,22250.25,78100
2018/11/12,22121.69922,22324.00977,22046.28906,22269.88086,22269.88086,59300
2018/11/13,21885.24023,21892.28906,21484.65039,21810.51953,21810.51953,85700
2018/11/14,21851.13086,21990.41016,21764.88086,21846.48047,21846.48047,75200
2018/11/15,21670.34961,21818.73047,21613.5293,21803.61914,21803.61914,0
2018/11/16,21804.90039,21873.74023,21663.99023,21680.33984,21680.33984,74900
2018/11/19,21679.0293,21852.91992,21665.28906,21821.16016,21821.16016,72100
2018/11/20,21582.68945,21687.11914,21526.94922,21583.11914,21583.11914,82500
2018/11/21,21286.81055,21555.60938,21243.38086,21507.53906,21507.53906,77300
2018/11/22,21582.4707,21684.64063,21484.98047,21646.55078,21646.55078,65900
2018/11/26,21647.68945,21838.09961,21622.59961,21812,21812,78000
2018/11/27,21967.98047,22006.83008,21816.05078,21952.40039,21952.40039,74000
2018/11/28,22036.7207,22216.98047,22032.7207,22177.01953,22177.01953,77600
2018/11/29,22360.98047,22437.94922,22241.16992,22262.59961,22262.59961,69300
2018/11/30,22274.9707,22362.19922,22231.96094,22351.06055,22351.06055,104100
2018/12/3,22629.39063,22698.78906,22550.28906,22574.75977,22574.75977,70500
2018/12/4,22533.9707,22576.61914,22033.41016,22036.05078,22036.05078,89600
2018/12/5,21755.16992,21979.17969,21708.82031,21919.33008,21919.33008,83700
2018/12/6,21766.5,21805.01953,21307.7207,21501.61914,21501.61914,87600
2018/12/7,21643.75,21734.93945,21506.44922,21678.67969,21678.67969,78100
2018/12/10,21319.4707,21365.7793,21169.96094,21219.5,21219.5,79000
2018/12/11,21273.03906,21279.01953,21062.31055,21148.01953,21148.01953,87500
2018/12/12,21348.40039,21631.4707,21320.7207,21602.75,21602.75,89600
2018/12/13,21755.13086,21871.33984,21675.66016,21816.18945,21816.18945,79200
2018/12/14,21638.96094,21751.31055,21353.93945,21374.83008,21374.83008,102800
2018/12/17,21391.73047,21563.26953,21363.66992,21506.88086,21506.88086,63400
2018/12/18,21275.50977,21330.35938,21101.43945,21115.44922,21115.44922,80500
2018/12/19,21107.16992,21168.61914,20880.73047,20987.91992,20987.91992,81300
2018/12/20,20779.92969,20841.33984,20282.92969,20392.58008,20392.58008,96300
2018/12/21,20310.5,20334.73047,20006.66992,20166.18945,20166.18945,116600
2018/12/25,19785.42969,19785.42969,19117.96094,19155.74023,19155.74023,0
2018/12/26,19302.58984,19530.34961,18948.58008,19327.06055,19327.06055,79900
2018/12/27,19706.18945,20211.57031,19701.75977,20077.61914,20077.61914,93000
2018/12/28,19957.88086,20084.38086,19900.03906,20014.76953,20014.76953,70600
2019/1/4,19655.13086,19692.58008,19241.36914,19561.96094,19561.96094,91600
2019/1/7,19944.60938,20266.2207,19920.80078,20038.9707,20038.9707,81500
2019/1/8,20224.66992,20347.91992,20106.35938,20204.03906,20204.03906,86400
2019/1/9,20366.30078,20494.34961,20331.19922,20427.06055,20427.06055,72800
2019/1/10,20270.88086,20345.91992,20101.92969,20163.80078,20163.80078,73700
2019/1/11,20296.44922,20389.89063,20294.74023,20359.69922,20359.69922,77700
2019/1/15,20264.82031,20571.2793,20204.42969,20555.28906,20555.28906,78300
2019/1/16,20575.7207,20580.25,20323.32031,20442.75,20442.75,69500
2019/1/17,20544.23047,20571.75,20342.46094,20402.26953,20402.26953,63600
2019/1/18,20472.81055,20682.11914,20454.13086,20666.07031,20666.07031,64700
2019/1/21,20848.38086,20892.67969,20678.25977,20719.33008,20719.33008,61200
2019/1/22,20770.06055,20805.92969,20558.30078,20622.91016,20622.91016,57100
2019/1/23,20453.43945,20686.28906,20438.2207,20593.7207,20593.7207,0
2019/1/24,20506.24023,20620.7207,20467.58984,20574.63086,20574.63086,61400
2019/1/25,20598.64063,20844.31055,20598.64063,20773.56055,20773.56055,68400
2019/1/28,20746.28906,20759.48047,20624.55078,20649,20649,56800
2019/1/29,20555.43945,20673.66016,20406.2207,20664.64063,20664.64063,63100
2019/1/30,20701.61914,20706.26953,20527.5293,20556.53906,20556.53906,72100
2019/1/31,20832.91016,20869.41992,20682.91016,20773.49023,20773.49023,75700
2019/2/1,20797.0293,20929.63086,20741.98047,20788.39063,20788.39063,82200
2019/2/4,20831.90039,20922.58008,20823.67969,20883.76953,20883.76953,66600
2019/2/5,20960.4707,20981.23047,20823.17969,20844.44922,20844.44922,65500
2019/2/6,20928.86914,20971.66016,20860.99023,20874.06055,20874.06055,68900
2019/2/7,20812.2207,20844.76953,20665.50977,20751.2793,20751.2793,70600
2019/2/8,20510.5,20562.39063,20315.31055,20333.16992,20333.16992,86200
2019/2/12,20442.55078,20885.88086,20428.57031,20864.21094,20864.21094,84100
2019/2/13,21029.92969,21213.74023,20992.88086,21144.48047,21144.48047,78600
2019/2/14,21147.89063,21235.61914,21102.16016,21139.71094,21139.71094,64500
2019/2/15,21051.50977,21051.50977,20853.33008,20900.63086,20900.63086,65600
2019/2/18,21217.32031,21306.35938,21189.9707,21281.84961,21281.84961,61800
2019/2/19,21256.58008,21344.16992,21217.16016,21302.65039,21302.65039,53600
2019/2/20,21346.03906,21494.84961,21315.39063,21431.49023,21431.49023,59700
2019/2/21,21422.31055,21553.34961,21318.74023,21464.23047,21464.23047,68400
2019/2/22,21376.35938,21451.23047,21348.66992,21425.50977,21425.50977,52400
2019/2/25,21567.66016,21590.0293,21505.07031,21528.23047,21528.23047,51800
2019/2/26,21556.01953,21610.88086,21405.83984,21449.39063,21449.39063,56400
2019/2/27,21504.60938,21578.81055,21492.65039,21556.50977,21556.50977,67700
2019/2/28,21536.55078,21536.55078,21364.08984,21385.16016,21385.16016,71500
2019/3/1,21490.01953,21641.58008,21490.01953,21602.68945,21602.68945,62600
2019/3/4,21812.81055,21860.39063,21740.91992,21822.03906,21822.03906,59100
2019/3/5,21712.80078,21798.38086,21659.03906,21726.2793,21726.2793,59200
2019/3/6,21659.0293,21684.59961,21550.44922,21596.81055,21596.81055,57100
2019/3/7,21456.88086,21472.16016,21402.11914,21456.00977,21456.00977,75200
2019/3/8,21339.16992,21359.32031,20993.07031,21025.56055,21025.56055,99800
2019/3/11,21062.75,21145.93945,20938,21125.08984,21125.08984,55600
2019/3/12,21361.60938,21568.48047,21348.81055,21503.68945,21503.68945,67800
2019/3/13,21425.76953,21474.16992,21198.99023,21290.24023,21290.24023,66200
2019/3/14,21474.58008,21522.75,21287.01953,21287.01953,21287.01953,64100
2019/3/15,21376.73047,21521.67969,21374.84961,21450.84961,21450.84961,83200
2019/3/18,21576.35938,21612.66992,21500.32031,21584.5,21584.5,55200
2019/3/19,21558.42969,21585.55078,21425.78906,21566.84961,21566.84961,59900
2019/3/20,21548.65039,21614.16992,21499.16016,21608.91992,21608.91992,65300
2019/3/22,21713.25977,21713.25977,21542.0293,21627.33984,21627.33984,78900
2019/3/25,21267.41016,21275.42969,20911.57031,20977.10938,20977.10938,77700
2019/3/26,21174.33984,21460.99023,21174.33984,21428.39063,21428.39063,101300
2019/3/27,21353.60938,21388.58984,21242.51953,21378.73047,21378.73047,76000
2019/3/28,21191.32031,21191.32031,20974.18945,21033.75977,21033.75977,71100
2019/3/29,21228.50977,21267.25,21149.41992,21205.81055,21205.81055,61600
2019/4/1,21500.89063,21682.93945,21471.11914,21509.0293,21509.0293,77400
2019/4/2,21744.64063,21744.64063,21490.56055,21505.31055,21505.31055,71000
2019/4/3,21563.64063,21722.7207,21489.94922,21713.21094,21713.21094,68500
2019/4/4,21724.68945,21787.59961,21662.90039,21724.94922,21724.94922,57900
2019/4/5,21743.14063,21839.17969,21731.33984,21807.5,21807.5,58500
2019/4/8,21900.55078,21900.55078,21740.5293,21761.65039,21761.65039,54600
2019/4/9,21750.28906,21811.88086,21698.41992,21802.58984,21802.58984,54300
2019/4/10,21579.67969,21687.57031,21571.66992,21687.57031,21687.57031,58700
2019/4/11,21662.65039,21721.41992,21627.86914,21711.38086,21711.38086,61200
2019/4/12,21782.34961,21878.7793,21698.71094,21870.56055,21870.56055,61600
2019/4/15,22122.9707,22211.0293,22102.92969,22169.10938,22169.10938,66100
2019/4/16,22108.15039,22261.33008,22095.32031,22221.66016,22221.66016,57300
2019/4/17,22236.41016,22345.18945,22185.86914,22277.9707,22277.9707,75400
2019/4/18,22274.13086,22305.63086,22058.39063,22090.11914,22090.11914,67300
2019/4/19,22238.07031,22250.36914,22162.23047,22200.56055,22200.56055,0
2019/4/22,22188.61914,22280.18945,22099.38086,22217.90039,22217.90039,42900
2019/4/23,22241.74023,22268.36914,22119.93945,22259.74023,22259.74023,52000
2019/4/24,22356.83008,22362.91992,22125.48047,22200,22200,67900
2019/4/25,22183.32031,22334.68945,22155.23047,22307.58008,22307.58008,63300
2019/4/26,22167.48047,22270.28906,22073.09961,22258.73047,22258.73047,71900
2019/5/7,22184.40039,22190.49023,21875.10938,21923.7207,21923.7207,90700
2019/5/8,21628.03906,21639.11914,21514.84961,21602.58984,21602.58984,85700
2019/5/9,21492.91016,21559.75977,21315.07031,21402.13086,21402.13086,96900
2019/5/10,21431.81055,21584.08984,21175.33008,21344.91992,21344.91992,98500
2019/5/13,21180.74023,21277.66016,21127.92969,21191.2793,21191.2793,74500
2019/5/14,20870.76953,21077.48047,20751.44922,21067.23047,21067.23047,90200
2019/5/15,21112.84961,21191.5293,20968.08008,21188.56055,21188.56055,84100
2019/5/16,21153.19922,21153.19922,20951.66992,21062.98047,21062.98047,82500
2019/5/17,21246.85938,21398.84961,21199.98047,21250.08984,21250.08984,75800
2019/5/20,21305.9707,21430.06055,21282.65039,21301.73047,21301.73047,65100
2019/5/21,21211.25977,21318.80078,21160.42969,21272.44922,21272.44922,70100
2019/5/22,21373.51953,21404.53906,21266.98047,21283.36914,21283.36914,64500
2019/5/23,21180.24023,21209.56055,21072.7207,21151.14063,21151.14063,63900
2019/5/24,20980.78906,21117.2207,20922,21117.2207,21117.2207,67700
2019/5/27,21148.46094,21232.38086,21113.75977,21182.58008,21182.58008,41600
2019/5/28,21187.16992,21297.69922,21177.26953,21260.14063,21260.14063,98500
2019/5/29,21055.41992,21071.73047,20884.60938,21003.36914,21003.36914,70000
2019/5/30,20881.5,20942.5293,20809.28906,20942.5293,20942.5293,58700
2019/5/31,20785.21094,20823.09961,20581.58008,20601.18945,20601.18945,79100
2019/6/3,20327.86914,20438.0293,20305.74023,20410.88086,20410.88086,67400
2019/6/4,20435.85938,20464.57031,20289.64063,20408.53906,20408.53906,69200
2019/6/5,20667.89063,20800.64063,20646.15039,20776.09961,20776.09961,72300
2019/6/6,20745.83984,20842.2793,20745.83984,20774.03906,20774.03906,59600
2019/6/7,20859.7793,20907.76953,20816.58008,20884.71094,20884.71094,50700
2019/6/10,21095.40039,21166.11914,21077.94922,21134.41992,21134.41992,58200
2019/6/11,21099.53906,21227.17969,21066.61914,21204.2793,21204.2793,52100
2019/6/12,21130.39063,21259.69922,21118.75,21129.7207,21129.7207,56500
2019/6/13,21040.91016,21111.23047,20932.13086,21032,21032,65700
2019/6/14,21049.41016,21119.73047,20971.17969,21116.89063,21116.89063,60400
2019/6/17,21094.96094,21185.25,21044.61914,21124,21124,49100
2019/6/18,21111.76953,21153.65039,20924.18945,20972.71094,20972.71094,54600
2019/6/19,21223.16992,21358.7207,21213.42969,21333.86914,21333.86914,64100
2019/6/20,21417.74023,21491.39063,21377.26953,21462.85938,21462.85938,55700
2019/6/21,21487.66992,21497.82031,21221.69922,21258.64063,21258.64063,89000
2019/6/24,21223.56055,21317.85938,21185.66992,21285.99023,21285.99023,43200
2019/6/25,21238.07031,21313.76953,21114.4707,21193.81055,21193.81055,53900
2019/6/26,21067.67969,21129.64063,21035.83984,21086.58984,21086.58984,50300
2019/6/27,21156.88086,21338.16992,21123.9707,21338.16992,21338.16992,61300
2019/6/28,21282.2207,21324.92969,21199.84961,21275.91992,21275.91992,62100
2019/7/1,21566.26953,21758.33984,21559.16992,21729.9707,21729.9707,66900
2019/7/2,21699.42969,21784.2207,21697.31055,21754.26953,21754.26953,54700
2019/7/3,21684.07031,21708.7207,21566.65039,21638.16016,21638.16016,55000
2019/7/4,21740.92969,21755.63086,21672.5,21702.44922,21702.44922,37800
2019/7/5,21703.60938,21746.38086,21647.73047,21746.38086,21746.38086,44800
2019/7/8,21665.78906,21672.65039,21499.57031,21534.34961,21534.34961,51900
2019/7/9,21598.15039,21687.28906,21508.2207,21565.15039,21565.15039,53900
2019/7/10,21499.46094,21601.85938,21488.2207,21533.48047,21533.48047,58900
2019/7/11,21547.18945,21649.92969,21532.57031,21643.5293,21643.5293,49600
2019/7/12,21720.14063,21720.14063,21589.83008,21685.90039,21685.90039,45400
2019/7/16,21644.38086,21655.51953,21514.89063,21535.25,21535.25,49800
2019/7/17,21474.63086,21488.26953,21380.55078,21469.17969,21469.17969,53300
2019/7/18,21336.80078,21347.83984,20993.43945,21046.24023,21046.24023,70200
2019/7/19,21146.5,21474.30078,21121.90039,21466.99023,21466.99023,57900
2019/7/22,21394.75,21445.0293,21317.84961,21416.78906,21416.78906,46900
2019/7/23,21425.43945,21686.5293,21411.92969,21620.88086,21620.88086,48100
2019/7/24,21726.98047,21744.88086,21677.71094,21709.57031,21709.57031,51100
2019/7/25,21715.94922,21823.07031,21715.68945,21756.55078,21756.55078,46900
2019/7/26,21700.19922,21709.74023,21590.66016,21658.15039,21658.15039,47600
2019/7/29,21627.55078,21652.94922,21518.69922,21616.80078,21616.80078,47000
2019/7/30,21681.82031,21792.98047,21665.85938,21709.31055,21709.31055,54500
2019/7/31,21526.38086,21589.10938,21476.07031,21521.5293,21521.5293,76500
2019/8/1,21361.58008,21556.68945,21288.90039,21540.99023,21540.99023,75700
2019/8/2,21211.06055,21211.06055,20960.08984,21087.16016,21087.16016,91500
2019/8/5,20909.98047,20941.83008,20514.18945,20720.28906,20720.28906,85800
2019/8/6,20325.51953,20607.83008,20110.75977,20585.31055,20585.31055,89700
2019/8/7,20548.07031,20570.18945,20406.51953,20516.56055,20516.56055,73600
2019/8/8,20529.28906,20682.24023,20462.98047,20593.34961,20593.34961,64800
2019/8/9,20758.15039,20782.06055,20676.91992,20684.82031,20684.82031,63700
2019/8/13,20432.67969,20503.38086,20369.26953,20455.43945,20455.43945,72900
2019/8/14,20669.99023,20697.41992,20581.16992,20655.13086,20655.13086,60900
2019/8/15,20324.25,20419.88086,20184.84961,20405.65039,20405.65039,68200
2019/8/16,20323.9707,20465.71094,20300.34961,20418.81055,20418.81055,58400
2019/8/19,20590.4707,20633.90039,20502.66016,20563.16016,20563.16016,50600
2019/8/20,20605.34961,20684.06055,20582.00977,20677.2207,20677.2207,50100
2019/8/21,20489.9707,20626.05078,20482.61914,20618.57031,20618.57031,53000
2019/8/22,20706.07031,20731.18945,20584.28906,20628.00977,20628.00977,54600
2019/8/23,20579.98047,20719.31055,20579.98047,20710.91016,20710.91016,50700
2019/8/26,20325.43945,20329.00977,20173.75977,20261.03906,20261.03906,69900
2019/8/27,20467.2207,20529.93945,20439.91992,20456.08008,20456.08008,60800
2019/8/28,20474.31055,20511.21094,20433.31055,20479.41992,20479.41992,51500
2019/8/29,20500.5,20520.67969,20361.11914,20460.92969,20460.92969,55100
2019/8/30,20641.49023,20748.34961,20633.30078,20704.36914,20704.36914,72000
2019/9/2,20625.75,20667.56055,20614.28906,20620.18945,20620.18945,42400
2019/9/3,20581.58008,20662.23047,20578.01953,20625.16016,20625.16016,0
2019/9/4,20578.66992,20694.34961,20554.16016,20649.14063,20649.14063,51500
2019/9/5,20800.28906,21164.60938,20787.92969,21085.93945,21085.93945,83000
2019/9/6,21201.83008,21241.28906,21145.81055,21199.57031,21199.57031,71100
2019/9/9,21214.56055,21333.50977,21182.25977,21318.41992,21318.41992,57800
2019/9/10,21363.57031,21438.34961,21350.34961,21392.09961,21392.09961,92400
2019/9/11,21466.66016,21619.21094,21437.82031,21597.75977,21597.75977,110100
2019/9/12,21761.08984,21825.91992,21743.96094,21759.60938,21759.60938,96000
2019/9/13,21907.83008,22019.66016,21820.93945,21988.28906,21988.28906,116300
2019/9/17,21947.58984,22041.08008,21878.63086,22001.32031,22001.32031,81500
2019/9/18,22014.65039,22027.85938,21942.0293,21960.71094,21960.71094,69400
2019/9/19,22064.46094,22255.56055,22003.30078,22044.44922,22044.44922,78200
2019/9/20,22130.74023,22204.75,22047.90039,22079.08984,22079.08984,85000
2019/9/24,22095.34961,22168.74023,22077.93945,22098.83984,22098.83984,68400
2019/9/25,21961.82031,22036.48047,21906,22020.15039,22020.15039,61600
2019/9/26,22160.51953,22184.91016,21986.24023,22048.24023,22048.24023,81600
2019/9/27,21934.92969,21955.78906,21733.68945,21878.90039,21878.90039,76400
2019/9/30,21793.83008,21811.98047,21666.59961,21755.83984,21755.83984,69900
2019/10/1,21831.43945,21938.76953,21811.98047,21885.24023,21885.24023,62300
2019/10/2,21744.61914,21795.00977,21725.23047,21778.60938,21778.60938,63300
2019/10/3,21422.2207,21437.74023,21277.35938,21341.74023,21341.74023,67700
2019/10/4,21316.17969,21410.19922,21276.00977,21410.19922,21410.19922,57700
2019/10/7,21445.73047,21475.2793,21328.25977,21375.25,21375.25,47400
2019/10/8,21494.48047,21629.24023,21483.17969,21587.7793,21587.7793,60800
2019/10/9,21359.83984,21467.76953,21359.83984,21456.38086,21456.38086,55400
2019/10/10,21456.26953,21601.46094,21308.88086,21551.98047,21551.98047,59900