,Date,Time,Open,High,Low,Close,Volume
2000,2011/8/15,0:00:00,814,819,802,810,950600
1999,2011/8/16,0:00:00,814,819,810,816,792400
1998,2011/8/17,0:00:00,809,813,802,802,1015700
1997,2011/8/18,0:00:00,797,797,782,784,881900
1996,2011/8/19,0:00:00,768,776,762,763,893700
1995,2011/8/22,0:00:00,763,775,760,765,1321300
1994,2011/8/23,0:00:00,767,770,757,765,1511500
1993,2011/8/24,0:00:00,774,783,761,761,921000
1992,2011/8/25,0:00:00,777,790,775,780,583900
1991,2011/8/26,0:00:00,779,789,778,785,807000
1990,2011/8/29,0:00:00,790,804,781,795,639400
1989,2011/8/30,0:00:00,807,807,799,802,624200
1988,2011/8/31,0:00:00,793,797,787,792,877700
1987,2011/9/1,0:00:00,800,816,797,809,754800
1986,2011/9/2,0:00:00,794,803,790,794,432000
1985,2011/9/5,0:00:00,784,789,777,779,598800
1984,2011/9/6,0:00:00,771,782,759,760,818200
1983,2011/9/7,0:00:00,766,776,760,772,1123800
1982,2011/9/8,0:00:00,786,792,774,776,619300
1981,2011/9/9,0:00:00,770,779,762,765,2784300
1980,2011/9/12,0:00:00,748,754,746,750,727800
1979,2011/9/13,0:00:00,750,757,744,753,1141200
1978,2011/9/14,0:00:00,752,760,735,737,736400
1977,2011/9/15,0:00:00,747,760,746,754,566500
1976,2011/9/16,0:00:00,769,781,763,781,587000
1975,2011/9/20,0:00:00,773,775,761,762,646200
1974,2011/9/21,0:00:00,755,762,752,755,733500
1973,2011/9/22,0:00:00,750,750,733,733,965900
1972,2011/9/26,0:00:00,732,732,714,715,971100
1971,2011/9/27,0:00:00,731,742,729,742,907900
1970,2011/9/28,0:00:00,744,750,740,742,843500
1969,2011/9/29,0:00:00,733,745,729,739,982600
1968,2011/9/30,0:00:00,738,752,727,731,1166800
1967,2011/10/3,0:00:00,714,716,684,690,1568300
1966,2011/10/4,0:00:00,685,685,671,679,1193100
1965,2011/10/5,0:00:00,696,699,677,683,1222100
1964,2011/10/6,0:00:00,693,704,693,699,631900
1963,2011/10/7,0:00:00,708,729,707,725,699600
1962,2011/10/11,0:00:00,749,754,742,750,1011300
1961,2011/10/12,0:00:00,742,746,735,742,564000
1960,2011/10/13,0:00:00,758,775,757,775,757100
1959,2011/10/14,0:00:00,779,787,764,772,1729900
1958,2011/10/17,0:00:00,795,818,793,811,1446200
1957,2011/10/18,0:00:00,796,796,773,782,1059000
1956,2011/10/19,0:00:00,800,807,783,788,913100
1955,2011/10/20,0:00:00,780,782,759,762,1111900
1954,2011/10/21,0:00:00,761,775,759,766,652200
1953,2011/10/24,0:00:00,785,801,782,800,942900
1952,2011/10/25,0:00:00,808,808,787,789,704400
1951,2011/10/26,0:00:00,774,789,769,784,560100
1950,2011/10/27,0:00:00,794,799,774,797,735200
1949,2011/10/28,0:00:00,812,818,804,818,810600
1948,2011/10/31,0:00:00,819,819,773,783,1687100
1947,2011/11/1,0:00:00,779,779,749,750,1468400
1946,2011/11/2,0:00:00,748,749,732,734,1170800
1945,2011/11/4,0:00:00,744,750,736,748,679600
1944,2011/11/7,0:00:00,744,744,733,743,602400
1943,2011/11/8,0:00:00,745,751,735,736,642700
1942,2011/11/9,0:00:00,751,756,739,747,637500
1941,2011/11/10,0:00:00,725,729,714,715,954300
1940,2011/11/11,0:00:00,724,738,722,734,1127700
1939,2011/11/14,0:00:00,744,745,736,740,517400
1938,2011/11/15,0:00:00,729,734,726,729,259100
1937,2011/11/16,0:00:00,732,735,710,711,706000
1936,2011/11/17,0:00:00,711,719,710,712,881000
1935,2011/11/18,0:00:00,703,712,702,707,759200
1934,2011/11/21,0:00:00,707,717,701,704,816400
1933,2011/11/22,0:00:00,689,702,687,695,1010900
1932,2011/11/24,0:00:00,683,698,681,682,573200
1931,2011/11/25,0:00:00,683,689,677,679,723700
1930,2011/11/28,0:00:00,690,702,689,699,569100
1929,2011/11/29,0:00:00,705,725,704,723,859500
1928,2011/11/30,0:00:00,723,723,699,712,644000
1927,2011/12/1,0:00:00,738,756,736,752,886600
1926,2011/12/2,0:00:00,750,759,746,756,717000
1925,2011/12/5,0:00:00,757,766,756,763,474900
1924,2011/12/6,0:00:00,770,776,755,756,973600
1923,2011/12/7,0:00:00,765,777,760,776,838800
1922,2011/12/8,0:00:00,761,761,744,744,804500
1921,2011/12/9,0:00:00,724,743,724,738,3495300
1920,2011/12/12,0:00:00,748,765,745,760,588400
1919,2011/12/13,0:00:00,743,746,731,738,714800
1918,2011/12/14,0:00:00,732,743,727,740,768100
1917,2011/12/15,0:00:00,727,737,724,728,531500
1916,2011/12/16,0:00:00,739,745,731,732,766400
1915,2011/12/19,0:00:00,724,725,719,720,507800
1914,2011/12/20,0:00:00,732,736,724,726,652400
1913,2011/12/21,0:00:00,741,752,739,742,556900
1912,2011/12/22,0:00:00,742,742,725,730,882100
1911,2011/12/26,0:00:00,748,752,744,747,379400
1910,2011/12/27,0:00:00,742,747,735,744,293600
1909,2011/12/28,0:00:00,746,747,737,740,543700
1908,2011/12/29,0:00:00,739,742,726,739,428800
1907,2011/12/30,0:00:00,749,749,741,745,389100
1906,2012/1/4,0:00:00,758,763,755,759,459100
1905,2012/1/5,0:00:00,758,758,747,747,376700
1904,2012/1/6,0:00:00,740,744,726,731,432600
1903,2012/1/10,0:00:00,724,728,717,718,779400
1902,2012/1/11,0:00:00,722,730,720,724,527200
1901,2012/1/12,0:00:00,718,723,716,719,470900
1900,2012/1/13,0:00:00,730,740,725,734,1512300
1899,2012/1/16,0:00:00,726,731,718,722,400600
1898,2012/1/17,0:00:00,727,733,719,731,502100
1897,2012/1/18,0:00:00,740,748,725,743,531200
1896,2012/1/19,0:00:00,751,763,751,759,557600
1895,2012/1/20,0:00:00,774,780,764,775,933900
1894,2012/1/23,0:00:00,775,778,771,772,634100
1893,2012/1/24,0:00:00,774,778,765,771,501500
1892,2012/1/25,0:00:00,778,781,765,776,658600
1891,2012/1/26,0:00:00,777,784,771,775,557000
1890,2012/1/27,0:00:00,775,778,765,773,763800
1889,2012/1/30,0:00:00,764,775,759,760,767800
1888,2012/1/31,0:00:00,761,766,751,762,1273700
1887,2012/2/1,0:00:00,752,760,734,742,1359100
1886,2012/2/2,0:00:00,751,752,733,744,1227100
1885,2012/2/3,0:00:00,739,743,733,739,690100
1884,2012/2/6,0:00:00,748,749,736,743,587700
1883,2012/2/7,0:00:00,734,752,733,750,1047900
1882,2012/2/8,0:00:00,760,769,756,766,801700
1881,2012/2/9,0:00:00,760,771,757,764,759500
1880,2012/2/10,0:00:00,764,771,760,763,1011700
1879,2012/2/13,0:00:00,761,767,752,765,546900
1878,2012/2/14,0:00:00,764,775,762,771,972300
1877,2012/2/15,0:00:00,775,794,769,782,969600
1876,2012/2/16,0:00:00,778,788,771,774,842800
1875,2012/2/17,0:00:00,789,798,783,796,1849500
1874,2012/2/20,0:00:00,805,807,797,801,652800
1873,2012/2/21,0:00:00,791,807,791,796,687600
1872,2012/2/22,0:00:00,797,810,797,807,1009800
1871,2012/2/23,0:00:00,808,820,803,817,953400
1870,2012/2/24,0:00:00,821,824,810,819,1093400
1869,2012/2/27,0:00:00,821,828,818,824,796900
1868,2012/2/28,0:00:00,817,824,803,824,862800
1867,2012/2/29,0:00:00,831,835,810,810,1161700
1866,2012/3/1,0:00:00,825,843,824,827,2203400
1865,2012/3/2,0:00:00,828,829,817,826,1195300
1864,2012/3/5,0:00:00,823,834,813,815,658400
1863,2012/3/6,0:00:00,818,821,800,804,899600
1862,2012/3/7,0:00:00,790,808,790,806,956900
1861,2012/3/8,0:00:00,812,818,811,815,959900
1860,2012/3/9,0:00:00,829,832,809,821,3626300
1859,2012/3/12,0:00:00,830,830,811,818,1204700
1858,2012/3/13,0:00:00,819,828,809,810,1410300
1857,2012/3/14,0:00:00,827,832,819,819,881000
1856,2012/3/15,0:00:00,825,829,818,821,827400
1855,2012/3/16,0:00:00,819,829,815,821,665000
1854,2012/3/19,0:00:00,819,824,812,812,629600
1853,2012/3/21,0:00:00,809,815,803,810,1184400
1852,2012/3/22,0:00:00,804,805,791,796,1129000
1851,2012/3/23,0:00:00,789,792,782,784,959300
1850,2012/3/26,0:00:00,793,795,777,783,598500
1849,2012/3/27,0:00:00,798,800,790,796,1184400
1848,2012/3/28,0:00:00,785,799,784,790,705500
1847,2012/3/29,0:00:00,785,785,772,779,819900
1846,2012/3/30,0:00:00,778,788,775,777,935000
1845,2012/4/2,0:00:00,786,786,765,765,1308300
1844,2012/4/3,0:00:00,770,780,764,765,1295900
1843,2012/4/4,0:00:00,768,776,755,756,1110500
1842,2012/4/5,0:00:00,757,764,751,758,1040300
1841,2012/4/6,0:00:00,757,757,744,747,1019100
1840,2012/4/9,0:00:00,737,740,731,733,1029400
1839,2012/4/10,0:00:00,742,747,730,734,1003600
1838,2012/4/11,0:00:00,722,733,718,729,1230800
1837,2012/4/12,0:00:00,734,751,726,746,1209400
1836,2012/4/13,0:00:00,748,752,733,735,2588100
1835,2012/4/16,0:00:00,724,729,715,725,907000
1834,2012/4/17,0:00:00,734,736,727,732,1036700
1833,2012/4/18,0:00:00,744,760,736,758,1191100
1832,2012/4/19,0:00:00,758,758,734,739,1447900
1831,2012/4/20,0:00:00,733,737,724,729,1112800
1830,2012/4/23,0:00:00,730,736,724,735,1032300
1829,2012/4/24,0:00:00,731,734,724,727,878000
1828,2012/4/25,0:00:00,741,744,730,733,1289200
1827,2012/4/26,0:00:00,741,742,727,731,579800
1826,2012/4/27,0:00:00,728,741,719,727,1163600
1825,2012/5/1,0:00:00,720,725,715,718,793200
1824,2012/5/2,0:00:00,720,730,716,719,591600
1823,2012/5/7,0:00:00,704,710,701,704,787400
1822,2012/5/8,0:00:00,711,725,709,712,1246800
1821,2012/5/9,0:00:00,705,711,698,700,962600
1820,2012/5/10,0:00:00,697,710,697,707,1021200
1819,2012/5/11,0:00:00,708,709,693,694,1007400
1818,2012/5/14,0:00:00,701,703,688,691,804200
1817,2012/5/15,0:00:00,688,717,677,704,1556200
1816,2012/5/16,0:00:00,703,715,691,703,1913400
1815,2012/5/17,0:00:00,700,717,694,714,1347100
1814,2012/5/18,0:00:00,702,707,693,694,1213800
1813,2012/5/21,0:00:00,702,702,691,694,1052500
1812,2012/5/22,0:00:00,700,709,699,705,1217200
1811,2012/5/23,0:00:00,704,704,681,683,1297200
1810,2012/5/24,0:00:00,683,686,671,678,1212300
1809,2012/5/25,0:00:00,679,681,662,664,1174100
1808,2012/5/28,0:00:00,667,672,649,654,1089800
1807,2012/5/29,0:00:00,654,676,651,676,1081000
1806,2012/5/30,0:00:00,672,673,657,667,982400
1805,2012/5/31,0:00:00,657,663,652,663,824900
1804,2012/6/1,0:00:00,660,661,641,642,643700
1803,2012/6/4,0:00:00,628,633,622,630,824500
1802,2012/6/5,0:00:00,636,655,636,655,1440100
1801,2012/6/6,0:00:00,659,681,658,678,1452200
1800,2012/6/7,0:00:00,688,693,683,690,1353000
1799,2012/6/8,0:00:00,688,689,671,672,2907200
1798,2012/6/11,0:00:00,682,694,681,689,692900
1797,2012/6/12,0:00:00,675,691,670,682,784000
1796,2012/6/13,0:00:00,688,698,687,693,899800
1795,2012/6/14,0:00:00,695,703,692,703,1335100
1794,2012/6/15,0:00:00,705,715,704,710,1545100
1793,2012/6/18,0:00:00,725,737,722,726,1290900
1792,2012/6/19,0:00:00,725,732,719,722,815600
1791,2012/6/20,0:00:00,730,734,724,729,1035700
1790,2012/6/21,0:00:00,732,750,730,742,1058000
1789,2012/6/22,0:00:00,737,747,735,744,1226100
1788,2012/6/25,0:00:00,750,752,734,735,630800
1787,2012/6/26,0:00:00,731,735,715,724,1112500
1786,2012/6/27,0:00:00,728,740,725,740,1229600
1785,2012/6/28,0:00:00,750,752,737,747,901100
1784,2012/6/29,0:00:00,745,776,745,774,1324800
1783,2012/7/2,0:00:00,777,780,768,768,808300
1782,2012/7/3,0:00:00,768,786,767,779,696100
1781,2012/7/4,0:00:00,788,795,786,793,954400
1780,2012/7/5,0:00:00,792,799,785,796,849900
1779,2012/7/6,0:00:00,795,799,787,792,686400
1778,2012/7/9,0:00:00,792,799,785,788,831200
1777,2012/7/10,0:00:00,791,799,790,792,827800
1776,2012/7/11,0:00:00,791,797,789,797,670100
1775,2012/7/12,0:00:00,797,798,786,788,912600
1774,2012/7/13,0:00:00,783,803,783,799,1391500
1773,2012/7/17,0:00:00,799,809,791,802,871100
1772,2012/7/18,0:00:00,806,810,796,798,898500
1771,2012/7/19,0:00:00,799,817,799,816,851700
1770,2012/7/20,0:00:00,823,823,804,807,940500
1769,2012/7/23,0:00:00,800,800,784,786,756600
1768,2012/7/24,0:00:00,784,794,783,789,848200
1767,2012/7/25,0:00:00,781,791,773,777,1069400
1766,2012/7/26,0:00:00,786,790,781,786,764400
1765,2012/7/27,0:00:00,799,808,790,804,917100
1764,2012/7/30,0:00:00,813,816,794,804,1482600
1763,2012/7/31,0:00:00,802,836,800,828,1808800
1762,2012/8/1,0:00:00,828,843,825,837,1068500
1761,2012/8/2,0:00:00,838,853,838,842,1350900
1760,2012/8/3,0:00:00,837,851,828,846,913500
1759,2012/8/6,0:00:00,868,878,865,872,1016300
1758,2012/8/7,0:00:00,872,882,870,880,881200
1757,2012/8/8,0:00:00,883,895,877,884,1617700
1756,2012/8/9,0:00:00,884,894,870,893,1258000
1755,2012/8/10,0:00:00,884,884,866,880,1491400
1754,2012/8/13,0:00:00,881,900,875,895,1071400
1753,2012/8/14,0:00:00,903,916,901,915,917700
1752,2012/8/15,0:00:00,918,919,899,910,693100
1751,2012/8/16,0:00:00,915,916,901,914,806800
1750,2012/8/17,0:00:00,919,941,912,933,1309600
1749,2012/8/20,0:00:00,943,945,934,940,697700
1748,2012/8/21,0:00:00,935,940,928,930,795900
1747,2012/8/22,0:00:00,926,934,916,930,1064500
1746,2012/8/23,0:00:00,924,932,920,928,1172700
1745,2012/8/24,0:00:00,918,919,910,914,944000
1744,2012/8/27,0:00:00,925,932,917,918,1007900
1743,2012/8/28,0:00:00,912,913,882,891,2573900
1742,2012/8/29,0:00:00,894,903,891,895,1495300
1741,2012/8/30,0:00:00,895,900,888,894,962600
1740,2012/8/31,0:00:00,882,886,866,869,1349200
1739,2012/9/3,0:00:00,866,877,863,864,1064900
1738,2012/9/4,0:00:00,863,871,855,868,1322200
1737,2012/9/5,0:00:00,880,915,880,912,2484600
1736,2012/9/6,0:00:00,909,910,888,898,1354000
1735,2012/9/7,0:00:00,916,922,901,911,1056700
1734,2012/9/10,0:00:00,906,909,901,908,468000
1733,2012/9/11,0:00:00,904,904,890,897,1206700
1732,2012/9/12,0:00:00,904,929,903,929,1228600
1731,2012/9/13,0:00:00,929,935,918,929,693500
1730,2012/9/14,0:00:00,936,952,924,943,2463600
1729,2012/9/18,0:00:00,944,950,936,944,979400
1728,2012/9/19,0:00:00,950,951,926,944,1245500
1727,2012/9/20,0:00:00,934,935,916,920,1804300
1726,2012/9/21,0:00:00,919,925,910,911,1376200
1725,2012/9/24,0:00:00,905,916,902,907,1338100
1724,2012/9/25,0:00:00,906,914,892,911,1175800
1723,2012/9/26,0:00:00,896,899,871,874,1453700
1722,2012/9/27,0:00:00,866,868,853,864,1347200
1721,2012/9/28,0:00:00,865,881,864,873,1419000
1720,2012/10/1,0:00:00,866,869,836,844,1358500
1719,2012/10/2,0:00:00,852,861,850,854,816100
1718,2012/10/3,0:00:00,850,874,848,862,1480100
1717,2012/10/4,0:00:00,877,899,868,886,1486800
1716,2012/10/5,0:00:00,887,892,878,892,1152800
1715,2012/10/9,0:00:00,893,906,890,900,1194100
1714,2012/10/10,0:00:00,885,887,868,872,883100
1713,2012/10/11,0:00:00,860,878,858,866,1035700
1712,2012/10/12,0:00:00,879,900,873,896,1857800
1711,2012/10/15,0:00:00,894,904,885,899,960500
1710,2012/10/16,0:00:00,906,923,903,920,799600
1709,2012/10/17,0:00:00,928,929,917,921,932100
1708,2012/10/18,0:00:00,922,948,921,945,1486600
1707,2012/10/19,0:00:00,942,948,931,940,1300500
1706,2012/10/22,0:00:00,925,945,921,941,1110700
1705,2012/10/23,0:00:00,940,949,933,944,804700
1704,2012/10/24,0:00:00,932,944,930,936,1014100
1703,2012/10/25,0:00:00,933,940,923,939,1142700
1702,2012/10/26,0:00:00,945,945,924,925,1028100
1701,2012/10/29,0:00:00,935,936,918,925,972800
1700,2012/10/30,0:00:00,932,946,880,888,2891900
1699,2012/10/31,0:00:00,903,907,880,880,1603100
1698,2012/11/1,0:00:00,895,928,881,913,1658100
1697,2012/11/2,0:00:00,929,933,924,926,982700
1696,2012/11/5,0:00:00,923,932,914,919,728100
1695,2012/11/6,0:00:00,915,922,908,912,1085800
1694,2012/11/7,0:00:00,920,920,898,906,855700
1693,2012/11/8,0:00:00,904,907,886,892,867000
1692,2012/11/9,0:00:00,879,885,866,881,693300
1691,2012/11/12,0:00:00,883,887,872,873,438400
1690,2012/11/13,0:00:00,888,894,868,875,745200
1689,2012/11/14,0:00:00,874,874,859,863,413400
1688,2012/11/15,0:00:00,900,905,880,888,1205200
1687,2012/11/16,0:00:00,895,914,891,913,1318600
1686,2012/11/19,0:00:00,940,947,929,943,1697000
1685,2012/11/20,0:00:00,948,949,935,942,956600
1684,2012/11/21,0:00:00,946,959,942,955,1125300
1683,2012/11/22,0:00:00,980,1004,978,990,1910900
1682,2012/11/26,0:00:00,1008,1010,998,999,1209600
1681,2012/11/27,0:00:00,998,1001,978,987,1481900
1680,2012/11/28,0:00:00,984,996,980,986,886400
1679,2012/11/29,0:00:00,989,998,987,993,756000
1678,2012/11/30,0:00:00,993,999,978,991,817200
1677,2012/12/3,0:00:00,999,1006,993,993,682700
1676,2012/12/4,0:00:00,986,997,978,993,718200
1675,2012/12/5,0:00:00,981,988,969,978,1591200
1674,2012/12/6,0:00:00,987,989,959,967,1575900
1673,2012/12/7,0:00:00,972,981,967,973,928200
1672,2012/12/10,0:00:00,977,977,951,955,989900
1671,2012/12/11,0:00:00,946,960,942,943,1027300
1670,2012/12/12,0:00:00,950,964,950,957,909800
1669,2012/12/13,0:00:00,970,973,962,969,840300
1668,2012/12/14,0:00:00,975,978,952,954,3539400
1667,2012/12/17,0:00:00,974,979,951,953,1251500
1666,2012/12/18,0:00:00,960,973,959,963,1051000
1665,2012/12/19,0:00:00,965,989,962,989,1544000
1664,2012/12/20,0:00:00,993,996,971,977,1991000
1663,2012/12/21,0:00:00,987,993,967,969,1327200
1662,2012/12/25,0:00:00,986,994,984,989,832500
1661,2012/12/26,0:00:00,997,1005,989,1005,930800
1660,2012/12/27,0:00:00,1010,1017,998,1004,1094300
1659,2012/12/28,0:00:00,1012,1022,1008,1016,999600
1658,2013/1/4,0:00:00,1054,1056,1044,1051,1190400
1657,2013/1/7,0:00:00,1059,1067,1040,1045,1236200
1656,2013/1/8,0:00:00,1050,1064,1046,1051,1287000
1655,2013/1/9,0:00:00,1036,1058,1032,1049,1240600
1654,2013/1/10,0:00:00,1060,1083,1055,1079,1132000
1653,2013/1/11,0:00:00,1098,1109,1087,1093,1657500
1652,2013/1/15,0:00:00,1102,1103,1078,1083,748000
1651,2013/1/16,0:00:00,1087,1087,1054,1058,758000
1650,2013/1/17,0:00:00,1055,1062,1022,1045,1120800
1649,2013/1/18,0:00:00,1074,1099,1074,1099,1395300
1648,2013/1/21,0:00:00,1117,1119,1079,1080,887600
1647,2013/1/22,0:00:00,1075,1081,1049,1068,1317400
1646,2013/1/23,0:00:00,1052,1061,1033,1033,1114400
1645,2013/1/24,0:00:00,1026,1054,1024,1046,1322300
1644,2013/1/25,0:00:00,1067,1091,1064,1091,995100
1643,2013/1/28,0:00:00,1099,1105,1081,1082,616200
1642,2013/1/29,0:00:00,1081,1108,1078,1084,995000
1641,2013/1/30,0:00:00,1087,1104,1084,1104,824200
1640,2013/1/31,0:00:00,1092,1107,1082,1105,707400
1639,2013/2/1,0:00:00,1110,1128,1110,1125,767000
1638,2013/2/4,0:00:00,1129,1145,1127,1129,1060400
1637,2013/2/5,0:00:00,1124,1136,1111,1112,1306400
1636,2013/2/6,0:00:00,1160,1203,1144,1187,1598900
1635,2013/2/7,0:00:00,1169,1177,1156,1175,1211300
1634,2013/2/8,0:00:00,1115,1171,1115,1163,2222500
1633,2013/2/12,0:00:00,1193,1197,1155,1156,1082500
1632,2013/2/13,0:00:00,1157,1174,1132,1139,705700
1631,2013/2/14,0:00:00,1136,1162,1129,1149,866100
1630,2013/2/15,0:00:00,1133,1138,1107,1117,788100
1629,2013/2/18,0:00:00,1146,1160,1141,1151,744300
1628,2013/2/19,0:00:00,1152,1194,1151,1183,1591400
1627,2013/2/20,0:00:00,1200,1210,1163,1168,1251300
1626,2013/2/21,0:00:00,1157,1161,1148,1149,1127200
1625,2013/2/22,0:00:00,1137,1166,1127,1164,952400
1624,2013/2/25,0:00:00,1190,1193,1165,1188,879500
1623,2013/2/26,0:00:00,1131,1167,1131,1147,1151000
1622,2013/2/27,0:00:00,1148,1156,1133,1145,869100
1621,2013/2/28,0:00:00,1175,1181,1153,1180,1367000
1620,2013/3/1,0:00:00,1168,1181,1160,1171,753400
1619,2013/3/4,0:00:00,1185,1195,1167,1174,650900
1618,2013/3/5,0:00:00,1194,1194,1161,1163,529200
1617,2013/3/6,0:00:00,1178,1179,1154,1163,543200
1616,2013/3/7,0:00:00,1178,1189,1162,1168,903300
1615,2013/3/8,0:00:00,1186,1194,1168,1178,4028300
1614,2013/3/11,0:00:00,1187,1193,1173,1177,710700
1613,2013/3/12,0:00:00,1188,1190,1173,1173,790600
1612,2013/3/13,0:00:00,1167,1184,1161,1171,737300
1611,2013/3/14,0:00:00,1172,1176,1150,1174,1005100
1610,2013/3/15,0:00:00,1175,1205,1163,1193,1358600
1609,2013/3/18,0:00:00,1168,1182,1161,1162,709400
1608,2013/3/19,0:00:00,1185,1186,1163,1168,760400
1607,2013/3/21,0:00:00,1165,1197,1165,1195,924300
1606,2013/3/22,0:00:00,1170,1183,1165,1167,1079800
1605,2013/3/25,0:00:00,1191,1196,1181,1193,937100
1604,2013/3/26,0:00:00,1171,1184,1159,1166,834800
1603,2013/3/27,0:00:00,1157,1161,1125,1136,863400
1602,2013/3/28,0:00:00,1160,1161,1120,1129,2057900
1601,2013/3/29,0:00:00,1140,1145,1124,1133,870200
1600,2013/4/1,0:00:00,1120,1125,1106,1109,1210500
1599,2013/4/2,0:00:00,1104,1107,1049,1056,1399700
1598,2013/4/3,0:00:00,1069,1069,1043,1064,1205000
1597,2013/4/4,0:00:00,1045,1089,1034,1087,1434800
1596,2013/4/5,0:00:00,1134,1139,1087,1087,1597500
1595,2013/4/8,0:00:00,1134,1135,1105,1117,941700
1594,2013/4/9,0:00:00,1138,1148,1115,1121,992900
1593,2013/4/10,0:00:00,1120,1131,1086,1088,1610800
1592,2013/4/11,0:00:00,1089,1113,1079,1112,1621900
1591,2013/4/12,0:00:00,1142,1164,1120,1131,3015100
1590,2013/4/15,0:00:00,1119,1119,1083,1103,1561300
1589,2013/4/16,0:00:00,1073,1141,1063,1134,1934000
1588,2013/4/17,0:00:00,1146,1181,1142,1180,1849300
1587,2013/4/18,0:00:00,1178,1188,1166,1175,1062100
1586,2013/4/19,0:00:00,1171,1178,1162,1175,707100
1585,2013/4/22,0:00:00,1197,1202,1182,1188,836000
1584,2013/4/23,0:00:00,1190,1194,1178,1191,701000
1583,2013/4/24,0:00:00,1205,1273,1199,1273,1618400
1582,2013/4/25,0:00:00,1285,1298,1266,1291,1194900
1581,2013/4/26,0:00:00,1292,1296,1260,1268,835300
1580,2013/4/30,0:00:00,1269,1279,1253,1263,452500
1579,2013/5/1,0:00:00,1256,1266,1245,1260,425100
1578,2013/5/2,0:00:00,1279,1288,1262,1271,616300
1577,2013/5/7,0:00:00,1319,1340,1297,1337,1218300
1576,2013/5/8,0:00:00,1331,1349,1317,1323,930600
1575,2013/5/9,0:00:00,1329,1348,1311,1312,410700
1574,2013/5/10,0:00:00,1342,1367,1326,1364,1120500
1573,2013/5/13,0:00:00,1365,1373,1351,1355,569700
1572,2013/5/14,0:00:00,1373,1381,1332,1376,1230600
1571,2013/5/15,0:00:00,1399,1406,1347,1366,1690600
1570,2013/5/16,0:00:00,1372,1397,1363,1394,1399500
1569,2013/5/17,0:00:00,1393,1436,1350,1431,850400
1568,2013/5/20,0:00:00,1440,1482,1434,1467,832600
1567,2013/5/21,0:00:00,1450,1484,1443,1465,617900
1566,2013/5/22,0:00:00,1480,1488,1453,1474,787600
1565,2013/5/23,0:00:00,1490,1541,1361,1366,2031400
1564,2013/5/24,0:00:00,1379,1402,1317,1367,1898100
1563,2013/5/27,0:00:00,1346,1404,1334,1337,985000
1562,2013/5/28,0:00:00,1310,1356,1302,1340,927800
1561,2013/5/29,0:00:00,1357,1371,1328,1340,844800
1560,2013/5/30,0:00:00,1287,1312,1239,1243,1434100
1559,2013/5/31,0:00:00,1270,1292,1245,1254,1066500
1558,2013/6/3,0:00:00,1249,1252,1204,1216,1223700
1557,2013/6/4,0:00:00,1200,1252,1185,1244,1206100
1556,2013/6/5,0:00:00,1250,1289,1222,1227,1299400
1555,2013/6/6,0:00:00,1210,1276,1207,1243,1848500
1554,2013/6/7,0:00:00,1213,1263,1191,1240,1834400
1553,2013/6/10,0:00:00,1275,1310,1243,1308,1210400
1552,2013/6/11,0:00:00,1319,1333,1271,1301,870000
1551,2013/6/12,0:00:00,1272,1274,1235,1270,881600
1550,2013/6/13,0:00:00,1240,1252,1180,1182,1196800
1549,2013/6/14,0:00:00,1201,1254,1201,1219,2555000
1548,2013/6/17,0:00:00,1200,1275,1191,1275,729200
1547,2013/6/18,0:00:00,1262,1287,1251,1263,498200
1546,2013/6/19,0:00:00,1290,1303,1265,1285,697400
1545,2013/6/20,0:00:00,1257,1284,1245,1255,906300
1544,2013/6/21,0:00:00,1235,1277,1208,1271,1406700
1543,2013/6/24,0:00:00,1295,1302,1262,1266,394700
1542,2013/6/25,0:00:00,1278,1293,1231,1257,624400
1541,2013/6/26,0:00:00,1264,1282,1236,1239,469700
1540,2013/6/27,0:00:00,1239,1280,1223,1278,982600
1539,2013/6/28,0:00:00,1279,1339,1279,1336,1011200
1538,2013/7/1,0:00:00,1336,1358,1310,1356,697000
1537,2013/7/2,0:00:00,1359,1387,1345,1380,812900
1536,2013/7/3,0:00:00,1390,1409,1370,1407,881000
1535,2013/7/4,0:00:00,1391,1423,1391,1420,461200
1534,2013/7/5,0:00:00,1420,1446,1420,1444,608400
1533,2013/7/8,0:00:00,1460,1468,1424,1424,706700
1532,2013/7/9,0:00:00,1458,1469,1430,1467,735400
1531,2013/7/10,0:00:00,1474,1481,1450,1458,583700
1530,2013/7/11,0:00:00,1457,1470,1442,1468,366800
1529,2013/7/12,0:00:00,1481,1513,1469,1490,1586100
1528,2013/7/16,0:00:00,1520,1531,1498,1511,818800
1527,2013/7/17,0:00:00,1481,1510,1460,1495,810500
1526,2013/7/18,0:00:00,1498,1509,1487,1500,891900
1525,2013/7/19,0:00:00,1512,1528,1448,1457,1365900
1524,2013/7/22,0:00:00,1489,1517,1467,1487,704000
1523,2013/7/23,0:00:00,1467,1509,1466,1496,456500
1522,2013/7/24,0:00:00,1485,1493,1467,1477,448400
1521,2013/7/25,0:00:00,1485,1510,1475,1480,600300
1520,2013/7/26,0:00:00,1450,1459,1432,1437,637400
1519,2013/7/29,0:00:00,1418,1437,1377,1379,686300
1518,2013/7/30,0:00:00,1365,1449,1361,1389,1269800
1517,2013/7/31,0:00:00,1329,1378,1327,1358,1020800
1516,2013/8/1,0:00:00,1360,1412,1346,1412,659100
1515,2013/8/2,0:00:00,1442,1466,1413,1465,738100
1514,2013/8/5,0:00:00,1435,1435,1403,1407,1042700
1513,2013/8/6,0:00:00,1408,1432,1379,1430,852400
1512,2013/8/7,0:00:00,1379,1400,1351,1351,1369000
1511,2013/8/8,0:00:00,1357,1386,1330,1333,819300
1510,2013/8/9,0:00:00,1332,1348,1321,1335,1086100
1509,2013/8/12,0:00:00,1335,1363,1320,1338,496700
1508,2013/8/13,0:00:00,1361,1391,1355,1387,535300
1507,2013/8/14,0:00:00,1378,1404,1353,1402,844100
1506,2013/8/15,0:00:00,1375,1379,1334,1339,705000
1505,2013/8/16,0:00:00,1320,1357,1320,1341,640800
1504,2013/8/19,0:00:00,1345,1370,1321,1366,698600
1503,2013/8/20,0:00:00,1350,1366,1319,1320,749000
1502,2013/8/21,0:00:00,1333,1352,1312,1339,510100
1501,2013/8/22,0:00:00,1328,1347,1320,1340,399800
1500,2013/8/23,0:00:00,1362,1377,1352,1370,627500
1499,2013/8/26,0:00:00,1372,1373,1353,1364,313200
1498,2013/8/27,0:00:00,1349,1368,1339,1355,342600
1497,2013/8/28,0:00:00,1315,1339,1313,1333,377700
1496,2013/8/29,0:00:00,1343,1355,1334,1355,438600
1495,2013/8/30,0:00:00,1365,1370,1336,1350,800000
1494,2013/9/2,0:00:00,1349,1372,1328,1370,501200
1493,2013/9/3,0:00:00,1383,1433,1383,1425,1102400
1492,2013/9/4,0:00:00,1423,1456,1413,1454,626000
1491,2013/9/5,0:00:00,1452,1457,1426,1438,594400
1490,2013/9/6,0:00:00,1429,1429,1396,1408,700600
1489,2013/9/9,0:00:00,1462,1466,1419,1428,450100
1488,2013/9/10,0:00:00,1433,1443,1423,1437,498000
1487,2013/9/11,0:00:00,1437,1459,1435,1444,613200
1486,2013/9/12,0:00:00,1438,1450,1429,1443,362300
1485,2013/9/13,0:00:00,1444,1470,1416,1443,2119300
1484,2013/9/17,0:00:00,1460,1468,1445,1446,302500
1483,2013/9/18,0:00:00,1467,1493,1455,1468,529600
1482,2013/9/19,0:00:00,1498,1504,1476,1504,729000
1481,2013/9/20,0:00:00,1503,1506,1482,1488,607100
1480,2013/9/24,0:00:00,1487,1502,1460,1490,353000
1479,2013/9/25,0:00:00,1500,1503,1484,1487,700100
1478,2013/9/26,0:00:00,1487,1518,1462,1518,567800
1477,2013/9/27,0:00:00,1511,1518,1483,1489,669600
1476,2013/9/30,0:00:00,1460,1493,1445,1477,582200
1475,2013/10/1,0:00:00,1482,1489,1464,1470,338600
1474,2013/10/2,0:00:00,1466,1472,1409,1414,841600
1473,2013/10/3,0:00:00,1408,1418,1380,1389,906600
1472,2013/10/4,0:00:00,1369,1398,1362,1381,697300
1471,2013/10/7,0:00:00,1380,1400,1362,1365,505300
1470,2013/10/8,0:00:00,1350,1381,1341,1367,409900
1469,2013/10/9,0:00:00,1358,1385,1346,1384,558300
1468,2013/10/10,0:00:00,1384,1393,1372,1393,394000
1467,2013/10/11,0:00:00,1420,1500,1419,1447,1266300
1466,2013/10/15,0:00:00,1446,1463,1425,1450,604300
1465,2013/10/16,0:00:00,1464,1494,1461,1480,899100
1464,2013/10/17,0:00:00,1496,1500,1483,1499,488000
1463,2013/10/18,0:00:00,1495,1504,1482,1500,533300
1462,2013/10/21,0:00:00,1501,1513,1489,1503,464500
1461,2013/10/22,0:00:00,1498,1513,1491,1508,328000
1460,2013/10/23,0:00:00,1513,1515,1472,1474,692700
1459,2013/10/24,0:00:00,1467,1489,1458,1486,483600
1458,2013/10/25,0:00:00,1478,1478,1435,1437,774700
1457,2013/10/28,0:00:00,1465,1491,1452,1491,505700
1456,2013/10/29,0:00:00,1461,1505,1454,1500,849800
1455,2013/10/30,0:00:00,1528,1533,1517,1531,889400
1454,2013/10/31,0:00:00,1531,1555,1522,1537,979300
1453,2013/11/1,0:00:00,1542,1542,1504,1515,521300
1452,2013/11/5,0:00:00,1531,1531,1494,1519,683400
1451,2013/11/6,0:00:00,1504,1541,1504,1536,354900
1450,2013/11/7,0:00:00,1545,1547,1514,1527,582200
1449,2013/11/8,0:00:00,1499,1510,1494,1505,610600
1448,2013/11/11,0:00:00,1533,1542,1518,1538,495500
1447,2013/11/12,0:00:00,1526,1545,1511,1541,1045900
1446,2013/11/13,0:00:00,1526,1550,1523,1548,701700
1445,2013/11/14,0:00:00,1550,1606,1547,1579,1471700
1444,2013/11/15,0:00:00,1600,1610,1579,1603,1108500
1443,2013/11/18,0:00:00,1601,1609,1584,1587,919000
1442,2013/11/19,0:00:00,1571,1589,1570,1579,606400
1441,2013/11/20,0:00:00,1588,1596,1573,1576,529400
1440,2013/11/21,0:00:00,1600,1627,1576,1608,960200
1439,2013/11/22,0:00:00,1638,1650,1594,1597,909900
1438,2013/11/25,0:00:00,1622,1622,1592,1608,524700
1437,2013/11/26,0:00:00,1592,1627,1591,1616,414400
1436,2013/11/27,0:00:00,1596,1608,1585,1594,465600
1435,2013/11/28,0:00:00,1616,1634,1615,1631,728100
1434,2013/11/29,0:00:00,1601,1626,1592,1607,601100
1433,2013/12/2,0:00:00,1603,1632,1603,1613,369100
1432,2013/12/3,0:00:00,1638,1638,1611,1621,747300
1431,2013/12/4,0:00:00,1589,1590,1552,1578,750100
1430,2013/12/5,0:00:00,1584,1586,1535,1540,678600
1429,2013/12/6,0:00:00,1537,1586,1536,1573,1336900
1428,2013/12/9,0:00:00,1597,1609,1586,1607,627200
1427,2013/12/10,0:00:00,1607,1610,1593,1604,437600
1426,2013/12/11,0:00:00,1587,1610,1578,1592,430700
1425,2013/12/12,0:00:00,1581,1589,1556,1571,671500
1424,2013/12/13,0:00:00,1560,1594,1551,1577,3007900
1423,2013/12/16,0:00:00,1582,1590,1543,1547,569300
1422,2013/12/17,0:00:00,1575,1593,1570,1580,774100
1421,2013/12/18,0:00:00,1580,1609,1575,1607,903500
1420,2013/12/19,0:00:00,1630,1640,1619,1633,1059200
1419,2013/12/20,0:00:00,1634,1639,1608,1629,668200
1418,2013/12/24,0:00:00,1631,1660,1621,1625,913300
1417,2013/12/25,0:00:00,1623,1638,1617,1627,654500
1416,2013/12/26,0:00:00,1643,1665,1622,1652,554100
1415,2013/12/27,0:00:00,1660,1665,1628,1642,586200
1414,2013/12/30,0:00:00,1649,1672,1642,1669,628000
1413,2014/1/6,0:00:00,1629,1638,1609,1614,1236700
1412,2014/1/7,0:00:00,1602,1626,1590,1593,851800
1411,2014/1/8,0:00:00,1599,1627,1598,1627,654800
1410,2014/1/9,0:00:00,1587,1599,1568,1575,1488700
1409,2014/1/10,0:00:00,1575,1598,1570,1595,1688800
1408,2014/1/14,0:00:00,1615,1615,1548,1553,1669500
1407,2014/1/15,0:00:00,1580,1607,1575,1607,988600
1406,2014/1/16,0:00:00,1615,1639,1609,1619,690200
1405,2014/1/17,0:00:00,1592,1601,1566,1586,1314800
1404,2014/1/20,0:00:00,1584,1584,1557,1563,765400
1403,2014/1/21,0:00:00,1582,1595,1576,1579,578200
1402,2014/1/22,0:00:00,1556,1610,1556,1604,864000
1401,2014/1/23,0:00:00,1614,1628,1586,1590,672800
1400,2014/1/24,0:00:00,1560,1571,1529,1542,1118400
1399,2014/1/27,0:00:00,1498,1512,1487,1500,800100
1398,2014/1/28,0:00:00,1487,1510,1486,1502,579500
1397,2014/1/29,0:00:00,1530,1553,1527,1553,693200
1396,2014/1/30,0:00:00,1497,1508,1478,1505,664800
1395,2014/1/31,0:00:00,1512,1525,1461,1483,755800
1394,2014/2/3,0:00:00,1479,1479,1437,1450,719200
1393,2014/2/4,0:00:00,1430,1520,1378,1444,2036800
1392,2014/2/5,0:00:00,1443,1470,1431,1454,1362300
1391,2014/2/6,0:00:00,1454,1496,1448,1490,1568700
1390,2014/2/7,0:00:00,1497,1543,1496,1541,1483500
1389,2014/2/10,0:00:00,1546,1555,1533,1552,812300
1388,2014/2/12,0:00:00,1573,1577,1532,1543,1221000
1387,2014/2/13,0:00:00,1540,1556,1512,1519,868900
1386,2014/2/14,0:00:00,1511,1534,1466,1483,1832900
1385,2014/2/17,0:00:00,1475,1478,1424,1453,1460700
1384,2014/2/18,0:00:00,1453,1505,1453,1496,814900
1383,2014/2/19,0:00:00,1478,1503,1478,1489,592500
1382,2014/2/20,0:00:00,1493,1509,1458,1463,964800
1381,2014/2/21,0:00:00,1465,1531,1458,1527,1175700
1380,2014/2/24,0:00:00,1514,1550,1500,1529,920500
1379,2014/2/25,0:00:00,1557,1581,1550,1558,1120500
1378,2014/2/26,0:00:00,1539,1557,1531,1541,714800
1377,2014/2/27,0:00:00,1544,1557,1534,1539,671800
1376,2014/2/28,0:00:00,1532,1539,1500,1517,770700
1375,2014/3/3,0:00:00,1514,1540,1510,1532,1063200
1374,2014/3/4,0:00:00,1526,1552,1514,1550,732100
1373,2014/3/5,0:00:00,1557,1595,1554,1586,1240500
1372,2014/3/6,0:00:00,1588,1623,1583,1612,959100
1371,2014/3/7,0:00:00,1618,1642,1618,1638,843900
1370,2014/3/10,0:00:00,1624,1643,1621,1633,745400
1369,2014/3/11,0:00:00,1642,1658,1627,1648,654200
1368,2014/3/12,0:00:00,1608,1617,1561,1573,1395800
1367,2014/3/13,0:00:00,1575,1587,1548,1552,1379800
1366,2014/3/14,0:00:00,1512,1530,1497,1501,2397400
1365,2014/3/17,0:00:00,1488,1503,1479,1488,711700
1364,2014/3/18,0:00:00,1507,1520,1486,1500,1246500
1363,2014/3/19,0:00:00,1513,1538,1484,1512,989200
1362,2014/3/20,0:00:00,1508,1517,1457,1460,824100
1361,2014/3/24,0:00:00,1478,1493,1465,1483,1032800
1360,2014/3/25,0:00:00,1457,1496,1457,1478,614300
1359,2014/3/26,0:00:00,1485,1512,1482,1490,1167800
1358,2014/3/27,0:00:00,1490,1532,1469,1526,1402600
1357,2014/3/28,0:00:00,1513,1536,1510,1528,512100
1356,2014/3/31,0:00:00,1536,1550,1521,1549,558800
1355,2014/4/1,0:00:00,1543,1571,1533,1562,782100
1354,2014/4/2,0:00:00,1570,1593,1561,1574,756100
1353,2014/4/3,0:00:00,1573,1616,1557,1604,873000
1352,2014/4/4,0:00:00,1590,1615,1581,1601,535400
1351,2014/4/7,0:00:00,1576,1589,1566,1582,446800
1350,2014/4/8,0:00:00,1576,1579,1547,1547,956100
1349,2014/4/9,0:00:00,1535,1541,1493,1495,1165300
1348,2014/4/10,0:00:00,1528,1534,1501,1509,607300
1347,2014/4/11,0:00:00,1488,1499,1479,1479,1621200
1346,2014/4/14,0:00:00,1480,1493,1464,1482,577500
1345,2014/4/15,0:00:00,1511,1518,1487,1506,481000
1344,2014/4/16,0:00:00,1522,1546,1514,1544,538800
1343,2014/4/17,0:00:00,1534,1561,1534,1552,443000
1342,2014/4/18,0:00:00,1563,1572,1552,1566,241700
1341,2014/4/21,0:00:00,1564,1575,1557,1563,331500
1340,2014/4/22,0:00:00,1574,1576,1546,1546,330800
1339,2014/4/23,0:00:00,1561,1561,1543,1559,372800
1338,2014/4/24,0:00:00,1564,1570,1522,1531,495700
1337,2014/4/25,0:00:00,1691,1697,1562,1580,3725400
1336,2014/4/28,0:00:00,1553,1566,1526,1531,1058500
1335,2014/4/30,0:00:00,1539,1557,1523,1525,647000
1334,2014/5/1,0:00:00,1526,1552,1517,1547,667600
1333,2014/5/2,0:00:00,1541,1549,1530,1534,345500
1332,2014/5/7,0:00:00,1500,1513,1481,1485,1244500
1331,2014/5/8,0:00:00,1501,1512,1491,1496,509200
1330,2014/5/9,0:00:00,1485,1512,1482,1498,646100
1329,2014/5/12,0:00:00,1503,1503,1485,1487,346100
1328,2014/5/13,0:00:00,1497,1521,1497,1517,563700
1327,2014/5/14,0:00:00,1518,1532,1511,1524,433100
1326,2014/5/15,0:00:00,1506,1506,1385,1442,2073900
1325,2014/5/16,0:00:00,1420,1470,1408,1466,1356100
1324,2014/5/19,0:00:00,1457,1492,1451,1469,1199000
1323,2014/5/20,0:00:00,1488,1491,1472,1488,822200
1322,2014/5/21,0:00:00,1464,1491,1434,1480,770200
1321,2014/5/22,0:00:00,1509,1533,1498,1529,1061500
1320,2014/5/23,0:00:00,1532,1534,1484,1489,1327700
1319,2014/5/26,0:00:00,1514,1539,1506,1536,736900
1318,2014/5/27,0:00:00,1544,1578,1540,1569,1086600
1317,2014/5/28,0:00:00,1565,1585,1563,1577,592900
1316,2014/5/29,0:00:00,1559,1566,1540,1560,730000
1315,2014/5/30,0:00:00,1549,1569,1529,1537,819900
1314,2014/6/2,0:00:00,1563,1577,1559,1572,1313400
1313,2014/6/3,0:00:00,1599,1600,1570,1573,885300
1312,2014/6/4,0:00:00,1564,1579,1550,1555,811500
1311,2014/6/5,0:00:00,1553,1559,1529,1542,898300
1310,2014/6/6,0:00:00,1535,1558,1526,1533,1166100
1309,2014/6/9,0:00:00,1539,1540,1524,1530,727400
1308,2014/6/10,0:00:00,1519,1522,1508,1512,724300
1307,2014/6/11,0:00:00,1497,1521,1496,1519,620100
1306,2014/6/12,0:00:00,1499,1504,1487,1501,544600
1305,2014/6/13,0:00:00,1476,1522,1476,1518,1548600
1304,2014/6/16,0:00:00,1504,1510,1496,1500,580500
1303,2014/6/17,0:00:00,1509,1519,1504,1509,533500
1302,2014/6/18,0:00:00,1505,1521,1498,1516,523700
1301,2014/6/19,0:00:00,1528,1555,1521,1554,724100
1300,2014/6/20,0:00:00,1535,1550,1528,1538,891300
1299,2014/6/23,0:00:00,1557,1560,1544,1558,548900
1298,2014/6/24,0:00:00,1557,1572,1546,1564,568500
1297,2014/6/25,0:00:00,1560,1582,1558,1558,576200
1296,2014/6/26,0:00:00,1575,1586,1561,1569,500600
1295,2014/6/27,0:00:00,1578,1578,1532,1544,649400
1294,2014/6/30,0:00:00,1545,1579,1545,1575,661400
1293,2014/7/1,0:00:00,1577,1610,1576,1596,824100
1292,2014/7/2,0:00:00,1588,1608,1585,1602,701500
1291,2014/7/3,0:00:00,1631,1658,1614,1643,1597700
1290,2014/7/4,0:00:00,1660,1686,1660,1674,991100
1289,2014/7/7,0:00:00,1667,1680,1655,1657,581900
1288,2014/7/8,0:00:00,1650,1661,1637,1650,667700
1287,2014/7/9,0:00:00,1647,1667,1641,1661,631000
1286,2014/7/10,0:00:00,1665,1677,1661,1661,628500
1285,2014/7/11,0:00:00,1656,1669,1649,1664,929100
1284,2014/7/14,0:00:00,1680,1700,1673,1694,587100
1283,2014/7/15,0:00:00,1707,1728,1705,1722,885100
1282,2014/7/16,0:00:00,1707,1732,1702,1728,636700
1281,2014/7/17,0:00:00,1741,1744,1727,1740,552300
1280,2014/7/18,0:00:00,1716,1731,1710,1731,737300
1279,2014/7/22,0:00:00,1750,1778,1742,1767,1038200
1278,2014/7/23,0:00:00,1774,1784,1768,1779,600600
1277,2014/7/24,0:00:00,1793,1799,1767,1772,727700
1276,2014/7/25,0:00:00,1793,1802,1773,1798,695200
1275,2014/7/28,0:00:00,1803,1816,1790,1811,561100
1274,2014/7/29,0:00:00,1830,1934,1781,1926,2234500
1273,2014/7/30,0:00:00,1886,1916,1876,1898,1974400
1272,2014/7/31,0:00:00,1900,1916,1877,1906,1226600
1271,2014/8/1,0:00:00,1899,1910,1890,1900,919300
1270,2014/8/4,0:00:00,1910,1939,1902,1915,606000
1269,2014/8/5,0:00:00,1905,1919,1890,1892,734000
1268,2014/8/6,0:00:00,1872,1895,1864,1871,666600
1267,2014/8/7,0:00:00,1862,1892,1855,1888,559700
1266,2014/8/8,0:00:00,1844,1862,1800,1802,1701700
1265,2014/8/11,0:00:00,1848,1882,1838,1870,662600
1264,2014/8/12,0:00:00,1873,1877,1852,1860,329300
1263,2014/8/13,0:00:00,1840,1869,1834,1854,471300
1262,2014/8/14,0:00:00,1877,1893,1866,1878,424900
1261,2014/8/15,0:00:00,1868,1871,1846,1850,435700
1260,2014/8/18,0:00:00,1828,1862,1824,1856,711900
1259,2014/8/19,0:00:00,1886,1895,1871,1876,468100
1258,2014/8/20,0:00:00,1869,1888,1868,1880,281700
1257,2014/8/21,0:00:00,1884,1903,1881,1899,524700
1256,2014/8/22,0:00:00,1895,1905,1873,1875,452600
1255,2014/8/25,0:00:00,1886,1897,1865,1892,466200
1254,2014/8/26,0:00:00,1893,1894,1867,1869,522000
1253,2014/8/27,0:00:00,1881,1882,1849,1865,340200
1252,2014/8/28,0:00:00,1873,1886,1869,1883,855600
1251,2014/8/29,0:00:00,1882,1890,1855,1876,588600
1250,2014/9/1,0:00:00,1900,1951,1896,1943,785700
1249,2014/9/2,0:00:00,1953,1992,1953,1969,573400
1248,2014/9/3,0:00:00,1970,1992,1961,1974,544600
1247,2014/9/4,0:00:00,1956,1961,1932,1950,481900
1246,2014/9/5,0:00:00,1979,1979,1941,1950,481600
1245,2014/9/8,0:00:00,1957,1958,1926,1944,432400
1244,2014/9/9,0:00:00,1957,1960,1943,1949,415400
1243,2014/9/10,0:00:00,1915,1934,1896,1930,566700
1242,2014/9/11,0:00:00,1950,1978,1945,1969,653400
1241,2014/9/12,0:00:00,1955,1969,1948,1953,1926800
1240,2014/9/16,0:00:00,1933,1961,1930,1946,479000
1239,2014/9/17,0:00:00,1936,1941,1895,1904,1044500
1238,2014/9/18,0:00:00,1917,1919,1896,1912,864100
1237,2014/9/19,0:00:00,1920,1930,1910,1924,733800
1236,2014/9/22,0:00:00,1907,1911,1884,1902,725700
1235,2014/9/24,0:00:00,1894,1908,1886,1902,660600
1234,2014/9/25,0:00:00,1924,1961,1910,1959,830300
1233,2014/9/26,0:00:00,1915,1948,1911,1943,799500
1232,2014/9/29,0:00:00,1950,1960,1939,1956,487700
1231,2014/9/30,0:00:00,1938,1951,1929,1942,677100
1230,2014/10/1,0:00:00,1948,1956,1922,1922,494100
1229,2014/10/2,0:00:00,1905,1910,1871,1874,859200
1228,2014/10/3,0:00:00,1855,1893,1842,1893,867200
1227,2014/10/6,0:00:00,1906,1938,1896,1933,513800
1226,2014/10/7,0:00:00,1909,1929,1886,1891,644000
1225,2014/10/8,0:00:00,1868,1885,1853,1878,394900
1224,2014/10/9,0:00:00,1880,1887,1853,1857,666000
1223,2014/10/10,0:00:00,1819,1844,1793,1803,1240400
1222,2014/10/14,0:00:00,1746,1780,1745,1762,946500
1221,2014/10/15,0:00:00,1759,1768,1739,1767,663700
1220,2014/10/16,0:00:00,1711,1736,1711,1722,1087900
1219,2014/10/17,0:00:00,1735,1751,1681,1686,922200
1218,2014/10/20,0:00:00,1726,1738,1720,1735,1408300
1217,2014/10/21,0:00:00,1746,1746,1703,1709,936700
1216,2014/10/22,0:00:00,1745,1768,1741,1766,692900
1215,2014/10/23,0:00:00,1752,1783,1752,1762,541600
1214,2014/10/24,0:00:00,1799,1802,1768,1778,553400
1213,2014/10/27,0:00:00,1808,1846,1800,1839,1045000
1212,2014/10/28,0:00:00,1838,1887,1838,1875,1221600
1211,2014/10/29,0:00:00,1876,1916,1861,1915,1025700
1210,2014/10/30,0:00:00,1918,1948,1915,1934,790800
1209,2014/10/31,0:00:00,1950,2054,1937,2033,1841300
1208,2014/11/4,0:00:00,2077,2081,1985,2057,1754300
1207,2014/11/5,0:00:00,2034,2180,1953,2138,2405100
1206,2014/11/6,0:00:00,2138,2149,2069,2085,1424600
1205,2014/11/7,0:00:00,2108,2122,2073,2101,1206500
1204,2014/11/10,0:00:00,2089,2119,2079,2104,887700
1203,2014/11/11,0:00:00,2104,2133,2098,2126,1129600
1202,2014/11/12,0:00:00,2138,2168,2121,2128,1049100
1201,2014/11/13,0:00:00,2125,2160,2105,2156,871600
1200,2014/11/14,0:00:00,2165,2175,2131,2172,1940600
1199,2014/11/17,0:00:00,2155,2159,2079,2094,1248100
1198,2014/11/18,0:00:00,2110,2151,2110,2150,780700
1197,2014/11/19,0:00:00,2150,2188,2133,2134,1030400
1196,2014/11/20,0:00:00,2137,2166,2128,2133,793900
1195,2014/11/21,0:00:00,2130,2174,2114,2167,894500
1194,2014/11/25,0:00:00,2175,2181,2162,2179,635000
1193,2014/11/26,0:00:00,2167,2196,2167,2183,687700
1192,2014/11/27,0:00:00,2173,2182,2151,2158,528900
1191,2014/11/28,0:00:00,2184,2197,2175,2196,562300
1190,2014/12/1,0:00:00,2185,2217,2185,2214,537300
1189,2014/12/2,0:00:00,2208,2236,2203,2228,634600
1188,2014/12/3,0:00:00,2238,2264,2227,2231,812600
1187,2014/12/4,0:00:00,2261,2280,2240,2261,709900
1186,2014/12/5,0:00:00,2238,2283,2236,2279,722900
1185,2014/12/8,0:00:00,2279,2334,2275,2330,1151300
1184,2014/12/9,0:00:00,2307,2328,2282,2285,657200
1183,2014/12/10,0:00:00,2247,2259,2151,2166,1257600
1182,2014/12/11,0:00:00,2139,2165,2124,2146,797800
1181,2014/12/12,0:00:00,2159,2196,2141,2142,2081500
1180,2014/12/15,0:00:00,2112,2135,2094,2100,732300
1179,2014/12/16,0:00:00,2045,2075,2021,2036,1322000
1178,2014/12/17,0:00:00,2030,2082,2030,2063,1488300
1177,2014/12/18,0:00:00,2099,2167,2090,2160,1382800
1176,2014/12/19,0:00:00,2215,2216,2155,2176,871500
1175,2014/12/22,0:00:00,2197,2198,2148,2162,434900
1174,2014/12/24,0:00:00,2206,2247,2194,2246,902600
1173,2014/12/25,0:00:00,2253,2292,2243,2262,767900
1172,2014/12/26,0:00:00,2263,2292,2263,2275,461800
1171,2014/12/29,0:00:00,2310,2314,2240,2264,626300
1170,2014/12/30,0:00:00,2265,2265,2197,2200,561400
1169,2015/1/5,0:00:00,2180,2211,2164,2191,575200
1168,2015/1/6,0:00:00,2130,2138,2085,2100,882100
1167,2015/1/7,0:00:00,2066,2112,2066,2097,795200
1166,2015/1/8,0:00:00,2120,2153,2116,2142,663900
1165,2015/1/9,0:00:00,2170,2181,2142,2147,1072100
1164,2015/1/13,0:00:00,2109,2158,2096,2158,760000
1163,2015/1/14,0:00:00,2124,2165,2097,2099,732000
1162,2015/1/15,0:00:00,2094,2141,2094,2135,398500
1161,2015/1/16,0:00:00,2080,2091,2023,2071,978900
1160,2015/1/19,0:00:00,2081,2103,2061,2102,572100
1159,2015/1/20,0:00:00,2102,2169,2096,2157,674400
1158,2015/1/21,0:00:00,2156,2168,2132,2141,581200
1157,2015/1/22,0:00:00,2135,2143,2122,2133,735000
1156,2015/1/23,0:00:00,2159,2176,2150,2167,361600
1155,2015/1/26,0:00:00,2130,2156,2104,2135,707200
1154,2015/1/27,0:00:00,2150,2175,2133,2145,591400
1153,2015/1/28,0:00:00,2117,2156,2111,2142,518600
1152,2015/1/29,0:00:00,2111,2175,2111,2135,619100
1151,2015/1/30,0:00:00,2175,2227,2175,2188,768700
1150,2015/2/2,0:00:00,2187,2211,2162,2187,470000
1149,2015/2/3,0:00:00,2208,2224,2045,2098,1021700
1148,2015/2/4,0:00:00,2177,2200,2065,2171,1736100
1147,2015/2/5,0:00:00,2138,2141,2078,2096,1020000
1146,2015/2/6,0:00:00,2151,2207,2151,2202,1289500
1145,2015/2/9,0:00:00,2233,2239,2166,2171,564800
1144,2015/2/10,0:00:00,2162,2193,2146,2156,574900
1143,2015/2/12,0:00:00,2222,2233,2192,2211,797800
1142,2015/2/13,0:00:00,2184,2215,2183,2198,800700
1141,2015/2/16,0:00:00,2212,2256,2211,2243,745100
1140,2015/2/17,0:00:00,2228,2231,2205,2217,521200
1139,2015/2/18,0:00:00,2237,2273,2232,2264,964000
1138,2015/2/19,0:00:00,2280,2298,2265,2272,471100
1137,2015/2/20,0:00:00,2273,2290,2263,2275,417700
1136,2015/2/23,0:00:00,2300,2303,2266,2281,369700
1135,2015/2/24,0:00:00,2248,2267,2214,2262,902200
1134,2015/2/25,0:00:00,2245,2282,2235,2265,576000
1133,2015/2/26,0:00:00,2265,2324,2256,2324,834500
1132,2015/2/27,0:00:00,2315,2337,2294,2332,719100
1131,2015/3/2,0:00:00,2324,2378,2324,2356,445000
1130,2015/3/3,0:00:00,2346,2363,2309,2346,599500
1129,2015/3/4,0:00:00,2326,2350,2319,2338,342200
1128,2015/3/5,0:00:00,2356,2390,2342,2362,847600
1127,2015/3/6,0:00:00,2358,2406,2351,2390,761700
1126,2015/3/9,0:00:00,2378,2430,2375,2401,767700
1125,2015/3/10,0:00:00,2425,2450,2355,2365,735700
1124,2015/3/11,0:00:00,2355,2398,2355,2375,581300
1123,2015/3/12,0:00:00,2376,2421,2366,2417,487500
1122,2015/3/13,0:00:00,2450,2480,2409,2454,1926400
1121,2015/3/16,0:00:00,2454,2470,2440,2449,510300
1120,2015/3/17,0:00:00,2464,2484,2443,2473,416500
1119,2015/3/18,0:00:00,2445,2474,2430,2467,526600
1118,2015/3/19,0:00:00,2431,2500,2417,2488,798500
1117,2015/3/20,0:00:00,2499,2532,2479,2524,794000
1116,2015/3/23,0:00:00,2533,2554,2510,2550,565300
1115,2015/3/24,0:00:00,2545,2558,2494,2512,834000
1114,2015/3/25,0:00:00,2510,2522,2464,2513,725500
1113,2015/3/26,0:00:00,2490,2491,2450,2464,772500
1112,2015/3/27,0:00:00,2446,2509,2409,2436,921500
1111,2015/3/30,0:00:00,2440,2530,2430,2513,1057100
1110,2015/3/31,0:00:00,2549,2549,2477,2489,739700
1109,2015/4/1,0:00:00,2469,2509,2376,2403,1255400
1108,2015/4/2,0:00:00,2398,2439,2398,2416,753000
1107,2015/4/3,0:00:00,2401,2428,2392,2424,328000
1106,2015/4/6,0:00:00,2412,2428,2399,2420,334700
1105,2015/4/7,0:00:00,2419,2444,2405,2433,461100
1104,2015/4/8,0:00:00,2445,2467,2436,2460,440000
1103,2015/4/9,0:00:00,2480,2525,2459,2491,668400
1102,2015/4/10,0:00:00,2493,2495,2450,2460,863900
1101,2015/4/13,0:00:00,2455,2457,2412,2433,404900
1100,2015/4/14,0:00:00,2411,2442,2409,2427,460500
1099,2015/4/15,0:00:00,2411,2429,2386,2410,476600
1098,2015/4/16,0:00:00,2403,2404,2377,2396,437300
1097,2015/4/17,0:00:00,2378,2384,2352,2367,592700
1096,2015/4/20,0:00:00,2341,2378,2323,2363,418500
1095,2015/4/21,0:00:00,2375,2393,2365,2384,390400
1094,2015/4/22,0:00:00,2406,2425,2396,2416,469100
1093,2015/4/23,0:00:00,2416,2423,2383,2394,573900
1092,2015/4/24,0:00:00,2401,2405,2378,2378,365000
1091,2015/4/27,0:00:00,2395,2411,2361,2367,471400
1090,2015/4/28,0:00:00,2360,2397,2360,2365,600100
1089,2015/4/30,0:00:00,2356,2409,2353,2379,1058500
1088,2015/5/1,0:00:00,2387,2420,2353,2386,1101600
1087,2015/5/7,0:00:00,2361,2414,2358,2405,1110300
1086,2015/5/8,0:00:00,2440,2476,2429,2472,1401600
1085,2015/5/11,0:00:00,2484,2553,2475,2544,987200
1084,2015/5/12,0:00:00,2503,2669,2484,2646,1599600
1083,2015/5/13,0:00:00,2596,2746,2588,2740,1804800
1082,2015/5/14,0:00:00,2719,2761,2700,2743,1456700
1081,2015/5/15,0:00:00,2767,2788,2744,2761,1141600
1080,2015/5/18,0:00:00,2761,2803,2733,2793,877800
1079,2015/5/19,0:00:00,2800,2815,2765,2767,1007700
1078,2015/5/20,0:00:00,2767,2789,2749,2753,1472400
1077,2015/5/21,0:00:00,2740,2779,2725,2750,846000
1076,2015/5/22,0:00:00,2750,2770,2728,2769,635500
1075,2015/5/25,0:00:00,2769,2780,2746,2760,538800
1074,2015/5/26,0:00:00,2760,2764,2731,2754,692200
1073,2015/5/27,0:00:00,2743,2772,2720,2772,764400
1072,2015/5/28,0:00:00,2774,2779,2734,2743,754000
1071,2015/5/29,0:00:00,2712,2730,2686,2706,1307000
1070,2015/6/1,0:00:00,2710,2738,2698,2729,670300
1069,2015/6/2,0:00:00,2729,2761,2719,2740,552300
1068,2015/6/3,0:00:00,2713,2726,2686,2691,928900
1067,2015/6/4,0:00:00,2749,2798,2737,2764,1277100
1066,2015/6/5,0:00:00,2736,2767,2726,2758,519000
1065,2015/6/8,0:00:00,2789,2792,2748,2757,564000
1064,2015/6/9,0:00:00,2741,2745,2698,2700,499700
1063,2015/6/10,0:00:00,2670,2675,2580,2586,1674600
1062,2015/6/11,0:00:00,2614,2650,2613,2649,974000
1061,2015/6/12,0:00:00,2649,2680,2629,2670,1871100
1060,2015/6/15,0:00:00,2647,2661,2623,2653,712600
1059,2015/6/16,0:00:00,2649,2661,2617,2644,748500
1058,2015/6/17,0:00:00,2597,2654,2597,2650,1198000
1057,2015/6/18,0:00:00,2646,2655,2585,2589,1188600
1056,2015/6/19,0:00:00,2624,2710,2624,2690,1397000
1055,2015/6/22,0:00:00,2688,2710,2665,2689,585600
1054,2015/6/23,0:00:00,2707,2795,2698,2795,831200
1053,2015/6/24,0:00:00,2800,2830,2782,2809,628900
1052,2015/6/25,0:00:00,2809,2814,2772,2774,476700
1051,2015/6/26,0:00:00,2800,2810,2767,2808,561400
1050,2015/6/29,0:00:00,2769,2779,2707,2709,720500
1049,2015/6/30,0:00:00,2709,2725,2685,2703,520100
1048,2015/7/1,0:00:00,2725,2761,2717,2748,610800
1047,2015/7/2,0:00:00,2773,2813,2759,2806,704800
1046,2015/7/3,0:00:00,2802,2892,2801,2888,983200
1045,2015/7/6,0:00:00,2855,2860,2783,2794,965700
1044,2015/7/7,0:00:00,2823,2865,2812,2859,709500
1043,2015/7/8,0:00:00,2844,2855,2735,2735,997100
1042,2015/7/9,0:00:00,2700,2762,2641,2762,999200
1041,2015/7/10,0:00:00,2776,2796,2723,2773,1110200
1040,2015/7/13,0:00:00,2787,2810,2756,2803,651800
1039,2015/7/14,0:00:00,2828,2867,2813,2855,663500
1038,2015/7/15,0:00:00,2859,2866,2809,2821,639700
1037,2015/7/16,0:00:00,2831,2834,2797,2827,503900
1036,2015/7/17,0:00:00,2836,2852,2814,2834,446200
1035,2015/7/21,0:00:00,2849,2921,2842,2908,650100
1034,2015/7/22,0:00:00,2885,2894,2866,2877,482900
1033,2015/7/23,0:00:00,2888,2905,2859,2872,475100
1032,2015/7/24,0:00:00,2860,2868,2833,2839,334000
1031,2015/7/27,0:00:00,2808,2812,2743,2760,609700
1030,2015/7/28,0:00:00,2746,2749,2687,2718,819300
1029,2015/7/29,0:00:00,2753,2772,2703,2716,661600
1028,2015/7/30,0:00:00,2728,2799,2722,2773,702700
1027,2015/7/31,0:00:00,2744,2753,2712,2723,771400
1026,2015/8/3,0:00:00,2699,2728,2678,2721,458900
1025,2015/8/4,0:00:00,2692,2736,2687,2699,577500
1024,2015/8/5,0:00:00,2749,2915,2700,2877,1628800
1023,2015/8/6,0:00:00,2919,3060,2905,3015,1353800
1022,2015/8/7,0:00:00,3005,3045,2995,3025,662300
1021,2015/8/10,0:00:00,2955,2970,2901,2952,892300
1020,2015/8/11,0:00:00,2967,2998,2895,2936,482200
1019,2015/8/12,0:00:00,2900,2920,2841,2851,586900
1018,2015/8/13,0:00:00,2892,2951,2877,2936,858000
1017,2015/8/14,0:00:00,2924,2940,2886,2902,506400
1016,2015/8/17,0:00:00,2917,2966,2911,2962,344800
1015,2015/8/18,0:00:00,2972,2984,2934,2945,267100
1014,2015/8/19,0:00:00,2930,2932,2861,2865,458000
1013,2015/8/20,0:00:00,2865,2961,2865,2918,774600
1012,2015/8/21,0:00:00,2868,2900,2852,2856,844200
1011,2015/8/24,0:00:00,2837,2870,2705,2714,1174600
1010,2015/8/25,0:00:00,2620,2711,2556,2564,1490500
1009,2015/8/26,0:00:00,2546,2673,2535,2667,1575900
1008,2015/8/27,0:00:00,2700,2757,2672,2726,876100
1007,2015/8/28,0:00:00,2789,2855,2751,2845,972500
1006,2015/8/31,0:00:00,2807,2862,2771,2794,800400
1005,2015/9/1,0:00:00,2790,2801,2693,2693,723000
1004,2015/9/2,0:00:00,2619,2713,2605,2663,792500
1003,2015/9/3,0:00:00,2713,2748,2675,2682,577700
1002,2015/9/4,0:00:00,2692,2692,2572,2607,620800
1001,2015/9/7,0:00:00,2583,2640,2556,2592,686100
1000,2015/9/8,0:00:00,2612,2614,2518,2522,567200
999,2015/9/9,0:00:00,2622,2769,2590,2769,1433700
998,2015/9/10,0:00:00,2691,2731,2651,2722,557100
997,2015/9/11,0:00:00,2720,2743,2704,2729,1961800
996,2015/9/14,0:00:00,2744,2764,2685,2693,492800
995,2015/9/15,0:00:00,2740,2751,2685,2703,626800
994,2015/9/16,0:00:00,2712,2728,2685,2716,679300
993,2015/9/17,0:00:00,2759,2809,2753,2789,563800
992,2015/9/18,0:00:00,2739,2782,2705,2741,640600
991,2015/9/24,0:00:00,2651,2696,2632,2632,720100
990,2015/9/25,0:00:00,2652,2695,2609,2690,869100
989,2015/9/28,0:00:00,2735,2738,2657,2676,539800
988,2015/9/29,0:00:00,2626,2635,2533,2536,1016200
987,2015/9/30,0:00:00,2618,2639,2569,2619,705600
986,2015/10/1,0:00:00,2630,2701,2606,2659,627600
985,2015/10/2,0:00:00,2655,2736,2642,2705,445600
984,2015/10/5,0:00:00,2748,2799,2747,2785,636000
983,2015/10/6,0:00:00,2838,2848,2740,2752,910800
982,2015/10/7,0:00:00,2739,2760,2690,2745,751200
981,2015/10/8,0:00:00,2728,2737,2655,2672,738700
980,2015/10/9,0:00:00,2711,2822,2676,2818,1208300
979,2015/10/13,0:00:00,2776,2839,2771,2823,783600
978,2015/10/14,0:00:00,2812,2828,2768,2778,580900
977,2015/10/15,0:00:00,2778,2815,2753,2790,389800
976,2015/10/16,0:00:00,2835,2867,2805,2824,557000
975,2015/10/19,0:00:00,2819,2848,2787,2808,606700
974,2015/10/20,0:00:00,2815,2850,2773,2800,402800
973,2015/10/21,0:00:00,2776,2897,2761,2883,520400
972,2015/10/22,0:00:00,2850,2876,2824,2843,433100
971,2015/10/23,0:00:00,2917,2945,2882,2908,618500
970,2015/10/26,0:00:00,2914,2986,2914,2956,408000
969,2015/10/27,0:00:00,2966,2978,2912,2916,405000
968,2015/10/28,0:00:00,2948,2972,2912,2964,565300
967,2015/10/29,0:00:00,2975,2994,2933,2960,1279200
966,2015/10/30,0:00:00,2970,3045,2900,3020,843300
965,2015/11/2,0:00:00,2951,2977,2923,2926,511900
964,2015/11/4,0:00:00,2976,3010,2940,2950,486100
963,2015/11/5,0:00:00,2935,3020,2932,2980,509500
962,2015/11/6,0:00:00,3030,3095,3000,3050,589000
961,2015/11/9,0:00:00,3070,3145,3055,3125,826500
960,2015/11/10,0:00:00,3150,3150,3105,3150,514100
959,2015/11/11,0:00:00,3155,3235,3145,3215,661500
958,2015/11/12,0:00:00,3210,3235,3170,3180,450000
957,2015/11/13,0:00:00,3130,3165,3105,3160,738800
956,2015/11/16,0:00:00,3090,3160,3080,3155,352400
955,2015/11/17,0:00:00,3220,3250,3200,3235,608900
954,2015/11/18,0:00:00,3250,3270,3185,3190,838400
953,2015/11/19,0:00:00,3235,3250,3205,3220,662500
952,2015/11/20,0:00:00,3225,3230,3200,3230,461300
951,2015/11/24,0:00:00,3225,3245,3200,3215,443200
950,2015/11/25,0:00:00,3225,3245,3200,3215,533000
949,2015/11/26,0:00:00,3050,3120,3035,3050,1554100
948,2015/11/27,0:00:00,3030,3035,2919,2952,2004100
947,2015/11/30,0:00:00,2954,2976,2919,2954,909000
946,2015/12/1,0:00:00,2982,3060,2962,3025,999200
945,2015/12/2,0:00:00,3035,3050,3005,3020,606500
944,2015/12/3,0:00:00,3010,3030,2998,3020,589200
943,2015/12/4,0:00:00,2944,2982,2940,2953,610000
942,2015/12/7,0:00:00,3005,3020,2993,3010,486000
941,2015/12/8,0:00:00,2996,3000,2953,2957,437200
940,2015/12/9,0:00:00,2942,2975,2911,2920,658300
939,2015/12/10,0:00:00,2882,2902,2824,2843,1016500
938,2015/12/11,0:00:00,2840,2925,2840,2901,1643500
937,2015/12/14,0:00:00,2836,2862,2792,2854,621400
936,2015/12/15,0:00:00,2850,2858,2795,2798,444000
935,2015/12/16,0:00:00,2826,2861,2826,2860,610000
934,2015/12/17,0:00:00,2932,2933,2874,2881,866500
933,2015/12/18,0:00:00,2890,2953,2809,2812,1182400
932,2015/12/21,0:00:00,2798,2798,2722,2779,832800
931,2015/12/22,0:00:00,2766,2805,2760,2789,378900
930,2015/12/24,0:00:00,2802,2811,2742,2746,574500
929,2015/12/25,0:00:00,2767,2775,2739,2749,329500
928,2015/12/28,0:00:00,2762,2780,2744,2768,350100
927,2015/12/29,0:00:00,2780,2793,2741,2788,321200
926,2015/12/30,0:00:00,2817,2840,2758,2769,468800
925,2016/1/4,0:00:00,2741,2755,2646,2661,919300
924,2016/1/5,0:00:00,2645,2691,2631,2678,628400
923,2016/1/6,0:00:00,2707,2792,2705,2778,1644700
922,2016/1/7,0:00:00,2761,2765,2620,2620,1478800
921,2016/1/8,0:00:00,2572,2675,2570,2632,2036900
920,2016/1/12,0:00:00,2598,2627,2545,2555,1121600
919,2016/1/13,0:00:00,2588,2654,2588,2652,798900
918,2016/1/14,0:00:00,2577,2600,2525,2566,1369600
917,2016/1/15,0:00:00,2619,2631,2507,2520,1290700
916,2016/1/18,0:00:00,2470,2511,2440,2492,812000
915,2016/1/19,0:00:00,2467,2508,2464,2504,776800
914,2016/1/20,0:00:00,2516,2535,2393,2405,1225600
913,2016/1/21,0:00:00,2420,2454,2342,2345,712100
912,2016/1/22,0:00:00,2444,2559,2398,2548,2004300
911,2016/1/25,0:00:00,2552,2579,2521,2565,928100
910,2016/1/26,0:00:00,2515,2520,2481,2500,755700
909,2016/1/27,0:00:00,2527,2609,2527,2603,933000
908,2016/1/28,0:00:00,2592,2659,2563,2620,646000
907,2016/1/29,0:00:00,2670,2767,2621,2751,1789800
906,2016/2/1,0:00:00,2767,2802,2764,2785,827100
905,2016/2/2,0:00:00,2720,2752,2720,2728,496000
904,2016/2/3,0:00:00,2720,2739,2579,2643,2055900
903,2016/2/4,0:00:00,2664,2780,2661,2757,1507500
902,2016/2/5,0:00:00,2707,2722,2656,2684,970700
901,2016/2/8,0:00:00,2667,2794,2656,2784,851000
900,2016/2/9,0:00:00,2653,2692,2603,2627,1036400
899,2016/2/10,0:00:00,2676,2697,2559,2612,2069600
898,2016/2/12,0:00:00,2483,2589,2429,2528,2696600
897,2016/2/15,0:00:00,2593,2696,2560,2674,1350700
896,2016/2/16,0:00:00,2624,2706,2599,2648,1105200
895,2016/2/17,0:00:00,2629,2647,2533,2573,1317800
894,2016/2/18,0:00:00,2643,2692,2624,2660,909800
893,2016/2/19,0:00:00,2616,2619,2534,2565,1207400
892,2016/2/22,0:00:00,2534,2608,2523,2563,1039700
891,2016/2/23,0:00:00,2613,2694,2603,2633,1858400
890,2016/2/24,0:00:00,2621,2644,2569,2582,1399300
889,2016/2/25,0:00:00,2630,2646,2579,2598,1137800
888,2016/2/26,0:00:00,2633,2646,2572,2574,897200
887,2016/2/29,0:00:00,2576,2620,2547,2547,845300
886,2016/3/1,0:00:00,2537,2556,2489,2538,878300
885,2016/3/2,0:00:00,2620,2676,2590,2660,806200
884,2016/3/3,0:00:00,2676,2707,2658,2672,574300
883,2016/3/4,0:00:00,2677,2728,2670,2711,539000
882,2016/3/7,0:00:00,2744,2776,2701,2707,776000
881,2016/3/8,0:00:00,2720,2739,2683,2723,921900
880,2016/3/9,0:00:00,2687,2719,2650,2711,834900
879,2016/3/10,0:00:00,2738,2755,2729,2746,601900
878,2016/3/11,0:00:00,2696,2776,2670,2756,1932400
877,2016/3/14,0:00:00,2796,2834,2780,2806,461500
876,2016/3/15,0:00:00,2807,2823,2773,2787,439400
875,2016/3/16,0:00:00,2850,2914,2848,2873,1006700
874,2016/3/17,0:00:00,2886,2908,2834,2859,750200
873,2016/3/18,0:00:00,2872,2884,2835,2873,705400
872,2016/3/22,0:00:00,2929,2940,2875,2922,646700
871,2016/3/23,0:00:00,2907,2931,2891,2899,480000
870,2016/3/24,0:00:00,2885,2927,2876,2894,527300
869,2016/3/25,0:00:00,2923,2923,2894,2908,501000
868,2016/3/28,0:00:00,2939,2945,2907,2936,600400
867,2016/3/29,0:00:00,2909,2925,2884,2917,744900
866,2016/3/30,0:00:00,2934,2954,2891,2935,926000
865,2016/3/31,0:00:00,2959,2961,2895,2900,593400
864,2016/4/1,0:00:00,2911,2934,2802,2814,1050400
863,2016/4/4,0:00:00,2800,2830,2779,2823,717000
862,2016/4/5,0:00:00,2827,2838,2752,2760,688500
861,2016/4/6,0:00:00,2793,2809,2738,2770,558500
860,2016/4/7,0:00:00,2785,2809,2748,2798,637900
859,2016/4/8,0:00:00,2734,2763,2627,2722,1749900
858,2016/4/11,0:00:00,2715,2748,2686,2743,682300
857,2016/4/12,0:00:00,2715,2779,2692,2749,697600
856,2016/4/13,0:00:00,2794,2840,2790,2833,547200
855,2016/4/14,0:00:00,2880,2941,2856,2936,727600
854,2016/4/15,0:00:00,2931,2981,2910,2970,842900
853,2016/4/18,0:00:00,2870,2925,2860,2900,707900
852,2016/4/19,0:00:00,2998,3020,2972,3010,987500
851,2016/4/20,0:00:00,3050,3060,2993,3020,868100
850,2016/4/21,0:00:00,3090,3090,3015,3050,975500
849,2016/4/22,0:00:00,3035,3045,2978,3045,1088000
848,2016/4/25,0:00:00,3050,3055,3000,3030,886000
847,2016/4/26,0:00:00,3000,3030,2976,3025,723100
846,2016/4/27,0:00:00,3045,3075,3020,3055,800000
845,2016/4/28,0:00:00,3080,3115,2913,2956,1320600
844,2016/5/2,0:00:00,2832,2876,2802,2872,944200
843,2016/5/6,0:00:00,2887,2908,2808,2834,979500
842,2016/5/9,0:00:00,2869,2881,2834,2854,563200
841,2016/5/10,0:00:00,2893,2954,2874,2952,878200
840,2016/5/11,0:00:00,2978,3010,2956,2997,759200
839,2016/5/12,0:00:00,2981,3065,2790,2992,1054600
838,2016/5/13,0:00:00,3035,3035,2943,3010,1170900
837,2016/5/16,0:00:00,3025,3075,3015,3050,782200
836,2016/5/17,0:00:00,3050,3105,3020,3105,975000
835,2016/5/18,0:00:00,3075,3135,3060,3125,631100
834,2016/5/19,0:00:00,3145,3175,3110,3160,902100
833,2016/5/20,0:00:00,3145,3200,3145,3200,515500
832,2016/5/23,0:00:00,3190,3190,3125,3165,515100
831,2016/5/24,0:00:00,3155,3190,3145,3170,592600
830,2016/5/25,0:00:00,3220,3225,3170,3180,502900
829,2016/5/26,0:00:00,3200,3215,3175,3185,402600
828,2016/5/27,0:00:00,3205,3205,3165,3180,465600
827,2016/5/30,0:00:00,3220,3220,3190,3215,276500
826,2016/5/31,0:00:00,3215,3260,3180,3260,523000
825,2016/6/1,0:00:00,3205,3230,3175,3180,603200
824,2016/6/2,0:00:00,3155,3160,3080,3105,1041000
823,2016/6/3,0:00:00,3105,3115,3075,3080,914000
822,2016/6/6,0:00:00,3055,3090,3035,3085,561600
821,2016/6/7,0:00:00,3080,3125,3055,3095,732700
820,2016/6/8,0:00:00,3095,3160,3080,3155,541200
819,2016/6/9,0:00:00,3125,3155,3105,3140,456600
818,2016/6/10,0:00:00,3145,3150,3125,3145,1247700
817,2016/6/13,0:00:00,3120,3140,3055,3065,685000
816,2016/6/14,0:00:00,3075,3080,3015,3045,699000
815,2016/6/15,0:00:00,3035,3095,3035,3050,595600
814,2016/6/16,0:00:00,3050,3060,2943,2952,635800
813,2016/6/17,0:00:00,3000,3045,2996,3010,846400
812,2016/6/20,0:00:00,3060,3110,3060,3090,890000
811,2016/6/21,0:00:00,3075,3145,3040,3140,530000
810,2016/6/22,0:00:00,3110,3115,3060,3090,663000
809,2016/6/23,0:00:00,3105,3110,3080,3095,424900
808,2016/6/24,0:00:00,3115,3140,2855,2868,1015400
807,2016/6/27,0:00:00,2917,2934,2852,2929,962500
806,2016/6/28,0:00:00,2885,2959,2852,2937,740100
805,2016/6/29,0:00:00,2930,2963,2872,2950,766200
804,2016/6/30,0:00:00,2996,3015,2964,2968,784000
803,2016/7/1,0:00:00,2989,3085,2979,3070,660800
802,2016/7/4,0:00:00,3020,3085,3020,3075,436500
801,2016/7/5,0:00:00,3130,3190,3125,3175,879400
800,2016/7/6,0:00:00,3165,3200,3135,3200,844200
799,2016/7/7,0:00:00,3160,3170,3075,3075,913000
798,2016/7/8,0:00:00,3105,3155,3055,3070,1218500
797,2016/7/11,0:00:00,3100,3200,3095,3175,732900
796,2016/7/12,0:00:00,3195,3230,3155,3170,1186700
795,2016/7/13,0:00:00,3210,3235,3175,3200,901900
794,2016/7/14,0:00:00,3180,3260,3175,3250,679200
793,2016/7/15,0:00:00,3245,3265,3205,3205,872800
792,2016/7/19,0:00:00,3210,3295,3185,3285,917800
791,2016/7/20,0:00:00,3300,3300,3250,3275,673100
790,2016/7/21,0:00:00,3300,3335,3285,3305,399700
789,2016/7/22,0:00:00,3330,3345,3300,3325,609100
788,2016/7/25,0:00:00,3305,3340,3280,3285,605000
787,2016/7/26,0:00:00,3260,3270,3210,3235,951100
786,2016/7/27,0:00:00,3270,3390,3270,3370,1242100
785,2016/7/28,0:00:00,3325,3345,3295,3320,612900
784,2016/7/29,0:00:00,3280,3305,3200,3290,967300
783,2016/8/1,0:00:00,3270,3315,3235,3310,791700
782,2016/8/2,0:00:00,3255,3310,3245,3285,432700
781,2016/8/3,0:00:00,3185,3230,3165,3195,840800
780,2016/8/4,0:00:00,3235,3250,3180,3250,761300
779,2016/8/5,0:00:00,3180,3235,3115,3135,1067800
778,2016/8/8,0:00:00,3345,3345,3075,3090,985500
777,2016/8/9,0:00:00,3075,3090,3040,3085,699400
776,2016/8/10,0:00:00,3015,3120,3005,3095,707900
775,2016/8/12,0:00:00,3145,3185,3110,3170,914800
774,2016/8/15,0:00:00,3150,3170,3120,3140,489200
773,2016/8/16,0:00:00,3165,3195,3120,3130,837500
772,2016/8/17,0:00:00,3125,3125,3030,3050,698100
771,2016/8/18,0:00:00,3025,3060,3010,3010,614400
770,2016/8/19,0:00:00,3060,3090,3000,3020,716500
769,2016/8/22,0:00:00,3025,3065,3020,3050,710700
768,2016/8/23,0:00:00,2990,3045,2971,3010,906200
767,2016/8/24,0:00:00,2970,3045,2962,3035,761300
766,2016/8/25,0:00:00,3060,3085,3000,3015,1233200
765,2016/8/26,0:00:00,3010,3055,2940,3035,1421200
764,2016/8/29,0:00:00,3040,3065,3020,3050,814800
763,2016/8/30,0:00:00,3040,3070,3015,3055,605700
762,2016/8/31,0:00:00,3085,3195,3065,3180,1056600
761,2016/9/1,0:00:00,3165,3170,3115,3125,844200
760,2016/9/2,0:00:00,3125,3145,3105,3140,734700
759,2016/9/5,0:00:00,3160,3175,3135,3145,401500
758,2016/9/6,0:00:00,3160,3180,3155,3175,691200
757,2016/9/7,0:00:00,3130,3160,3105,3155,730300
756,2016/9/8,0:00:00,3160,3165,3115,3135,529400
755,2016/9/9,0:00:00,3145,3160,3085,3110,1104000
754,2016/9/12,0:00:00,3060,3080,2980,3010,837300
753,2016/9/13,0:00:00,3025,3060,3000,3050,517900
752,2016/9/14,0:00:00,3030,3055,3020,3040,462000
751,2016/9/15,0:00:00,3025,3055,3020,3040,551800
750,2016/9/16,0:00:00,3060,3065,3025,3050,601500
749,2016/9/20,0:00:00,3000,3115,2985,3095,677800
748,2016/9/21,0:00:00,3090,3110,3010,3100,1211500
747,2016/9/23,0:00:00,3080,3125,3055,3095,960200
746,2016/9/26,0:00:00,3075,3080,3015,3015,686300
745,2016/9/27,0:00:00,3010,3075,2988,3070,786100
744,2016/9/28,0:00:00,3010,3085,3010,3055,839500
743,2016/9/29,0:00:00,3060,3110,3045,3085,677400
742,2016/9/30,0:00:00,3080,3085,3045,3055,689500
741,2016/10/3,0:00:00,3095,3100,3070,3090,496900
740,2016/10/4,0:00:00,3115,3135,3095,3130,560600
739,2016/10/5,0:00:00,3145,3170,3120,3150,802200
738,2016/10/6,0:00:00,3135,3140,3025,3125,734500
737,2016/10/7,0:00:00,3160,3180,3130,3175,719400
736,2016/10/11,0:00:00,3180,3210,3165,3195,552000
735,2016/10/12,0:00:00,3170,3210,3155,3190,537700
734,2016/10/13,0:00:00,3190,3245,3190,3240,800000
733,2016/10/14,0:00:00,3200,3280,3190,3260,1402300
732,2016/10/17,0:00:00,3275,3335,3245,3315,1016900
731,2016/10/18,0:00:00,3345,3395,3340,3365,947000
730,2016/10/19,0:00:00,3350,3415,3345,3405,811300
729,2016/10/20,0:00:00,3410,3425,3380,3395,1043200
728,2016/10/21,0:00:00,3410,3420,3375,3385,790800
727,2016/10/24,0:00:00,3395,3435,3390,3430,577100
726,2016/10/25,0:00:00,3445,3480,3425,3465,596800
725,2016/10/26,0:00:00,3470,3560,3465,3540,753900
724,2016/10/27,0:00:00,3540,3560,3490,3545,621000
723,2016/10/28,0:00:00,3565,3580,3545,3570,1144500
722,2016/10/31,0:00:00,3555,3600,3550,3565,652900
721,2016/11/1,0:00:00,3540,3545,3490,3515,998400
720,2016/11/2,0:00:00,3510,3520,3445,3450,953200
719,2016/11/4,0:00:00,3460,3550,3370,3520,1704200
718,2016/11/7,0:00:00,3590,3645,3560,3615,1199400
717,2016/11/8,0:00:00,3605,3640,3590,3635,736900
716,2016/11/9,0:00:00,3640,3710,3440,3485,1344600
715,2016/11/10,0:00:00,3750,3820,3705,3800,1729300
714,2016/11/11,0:00:00,3820,3825,3685,3720,1636600
713,2016/11/14,0:00:00,3720,3850,3700,3835,982300
712,2016/11/15,0:00:00,3850,3920,3760,3855,1984900
711,2016/11/16,0:00:00,3870,3890,3835,3875,1076800
710,2016/11/17,0:00:00,3855,3880,3815,3860,987600
709,2016/11/18,0:00:00,3895,3975,3870,3950,1419600
708,2016/11/21,0:00:00,3925,3960,3880,3905,1230500
707,2016/11/22,0:00:00,3910,3950,3890,3925,848100
706,2016/11/24,0:00:00,3945,3945,3865,3870,1094000
705,2016/11/25,0:00:00,3865,3890,3820,3850,1387000
704,2016/11/28,0:00:00,3810,3850,3785,3830,1333800
703,2016/11/29,0:00:00,3830,3870,3810,3850,1428500
702,2016/11/30,0:00:00,3855,3870,3775,3805,9040200
701,2016/12/1,0:00:00,3875,3935,3855,3865,1543100
700,2016/12/2,0:00:00,3870,3920,3825,3855,1168800
699,2016/12/5,0:00:00,3880,3880,3830,3845,1054600
698,2016/12/6,0:00:00,3895,3915,3805,3835,1046200
697,2016/12/7,0:00:00,3845,3875,3795,3820,910200
696,2016/12/8,0:00:00,3850,3900,3800,3840,890600
695,2016/12/9,0:00:00,3890,3915,3820,3840,1839300
694,2016/12/12,0:00:00,3860,3870,3790,3855,1231100
693,2016/12/13,0:00:00,3855,3915,3840,3910,712300
692,2016/12/14,0:00:00,3905,3910,3840,3875,941600
691,2016/12/15,0:00:00,3890,3905,3830,3855,904800
690,2016/12/16,0:00:00,3890,3940,3865,3925,1070200
689,2016/12/19,0:00:00,3930,3970,3920,3970,608800
688,2016/12/20,0:00:00,3955,4000,3930,3970,752300
687,2016/12/21,0:00:00,3990,4000,3900,3930,855900
686,2016/12/22,0:00:00,3945,3975,3895,3965,496200
685,2016/12/26,0:00:00,3975,3985,3925,3930,602800
684,2016/12/27,0:00:00,3935,3990,3935,3980,525600
683,2016/12/28,0:00:00,3980,4015,3960,3995,521900
682,2016/12/29,0:00:00,3980,3990,3895,3915,479300
681,2016/12/30,0:00:00,3875,3925,3860,3905,507200
680,2017/1/4,0:00:00,3910,4035,3905,4025,850500
679,2017/1/5,0:00:00,4045,4050,3965,3980,639100
678,2017/1/6,0:00:00,3965,4015,3965,4005,506400
677,2017/1/10,0:00:00,3970,4050,3965,3975,709100
676,2017/1/11,0:00:00,4000,4040,3990,4005,443800
675,2017/1/12,0:00:00,4000,4015,3940,3995,666800
674,2017/1/13,0:00:00,4015,4025,3985,4000,629100
673,2017/1/16,0:00:00,3970,3995,3930,3955,629600
672,2017/1/17,0:00:00,3975,3975,3900,3905,583600
671,2017/1/18,0:00:00,3910,3915,3845,3895,778500
670,2017/1/19,0:00:00,3905,3955,3905,3935,585000
669,2017/1/20,0:00:00,3910,3955,3900,3925,643300
668,2017/1/23,0:00:00,3890,3930,3860,3890,853300
667,2017/1/24,0:00:00,3885,3935,3870,3895,675700
666,2017/1/25,0:00:00,3965,3975,3920,3940,498700
665,2017/1/26,0:00:00,3995,4095,3975,4090,1054200
664,2017/1/27,0:00:00,4100,4135,4050,4105,822600
663,2017/1/30,0:00:00,4075,4120,4070,4110,565000
662,2017/1/31,0:00:00,4065,4080,4020,4035,726600
661,2017/2/1,0:00:00,4005,4105,4000,4100,564300
660,2017/2/2,0:00:00,4085,4135,4030,4045,779600
659,2017/2/3,0:00:00,4035,4125,3660,3740,2075200
658,2017/2/6,0:00:00,3770,3795,3715,3715,1013900
657,2017/2/7,0:00:00,3710,3770,3690,3745,761900
656,2017/2/8,0:00:00,3745,3765,3715,3755,549500
655,2017/2/9,0:00:00,3750,3775,3730,3750,588500
654,2017/2/10,0:00:00,3800,3855,3770,3850,1133200
653,2017/2/13,0:00:00,3905,3945,3900,3945,882700
652,2017/2/14,0:00:00,3940,3985,3920,3925,890500
651,2017/2/15,0:00:00,3960,3985,3950,3980,626900
650,2017/2/16,0:00:00,3975,3975,3920,3950,775900
649,2017/2/17,0:00:00,3935,3960,3900,3950,549400
648,2017/2/20,0:00:00,3910,3930,3875,3915,509200
647,2017/2/21,0:00:00,3915,3920,3855,3865,647300
646,2017/2/22,0:00:00,3865,3880,3765,3800,1112300
645,2017/2/23,0:00:00,3810,3830,3765,3775,762100
644,2017/2/24,0:00:00,3720,3735,3670,3705,939400
643,2017/2/27,0:00:00,3675,3700,3660,3695,816900
642,2017/2/28,0:00:00,3695,3710,3595,3620,1787600
641,2017/3/1,0:00:00,3665,3665,3600,3630,1367300
640,2017/3/2,0:00:00,3660,3665,3575,3585,1737900
639,2017/3/3,0:00:00,3565,3580,3500,3525,1458200
638,2017/3/6,0:00:00,3545,3580,3535,3555,832700
637,2017/3/7,0:00:00,3525,3570,3515,3545,989600
636,2017/3/8,0:00:00,3505,3520,3445,3450,1525200
635,2017/3/9,0:00:00,3480,3490,3455,3480,1024000
634,2017/3/10,0:00:00,3415,3530,3415,3520,2328800
633,2017/3/13,0:00:00,3510,3550,3505,3540,744700
632,2017/3/14,0:00:00,3535,3550,3520,3530,723400
631,2017/3/15,0:00:00,3500,3505,3455,3500,771300
630,2017/3/16,0:00:00,3450,3500,3445,3475,880100
629,2017/3/17,0:00:00,3445,3480,3445,3470,881700
628,2017/3/21,0:00:00,3450,3535,3420,3450,1312400
627,2017/3/22,0:00:00,3390,3420,3370,3380,851200
626,2017/3/23,0:00:00,3380,3390,3355,3370,681600
625,2017/3/24,0:00:00,3365,3390,3345,3365,901300
624,2017/3/27,0:00:00,3320,3345,3275,3290,906300
623,2017/3/28,0:00:00,3335,3335,3265,3285,1248000
622,2017/3/29,0:00:00,3315,3320,3265,3290,1285900
621,2017/3/30,0:00:00,3280,3305,3245,3255,596000
620,2017/3/31,0:00:00,3270,3305,3240,3240,1201400
619,2017/4/3,0:00:00,3260,3360,3245,3335,1410900
618,2017/4/4,0:00:00,3360,3365,3260,3280,1315200
617,2017/4/5,0:00:00,3290,3305,3255,3260,793800
616,2017/4/6,0:00:00,3260,3270,3205,3215,1000700
615,2017/4/7,0:00:00,3240,3265,3175,3210,1238300
614,2017/4/10,0:00:00,3225,3250,3220,3240,597100
613,2017/4/11,0:00:00,3255,3285,3240,3280,854400
612,2017/4/12,0:00:00,3250,3285,3235,3255,1005800
611,2017/4/13,0:00:00,3245,3345,3235,3345,1542400
610,2017/4/14,0:00:00,3400,3405,3235,3255,1456700
609,2017/4/17,0:00:00,3220,3250,3210,3245,701500
608,2017/4/18,0:00:00,3265,3290,3210,3230,680700
607,2017/4/19,0:00:00,3200,3270,3195,3250,687200
606,2017/4/20,0:00:00,3265,3300,3265,3285,907900
605,2017/4/21,0:00:00,3295,3325,3280,3300,1293100
604,2017/4/24,0:00:00,3370,3385,3335,3350,649400
603,2017/4/25,0:00:00,3340,3380,3340,3380,758200
602,2017/4/26,0:00:00,3395,3430,3395,3430,719600
601,2017/4/27,0:00:00,3400,3435,3400,3420,445900
600,2017/4/28,0:00:00,3455,3485,3440,3455,846600
599,2017/5/1,0:00:00,3445,3515,3445,3510,921300
598,2017/5/2,0:00:00,3525,3530,3500,3520,980300
597,2017/5/8,0:00:00,3580,3585,3525,3580,1246200
596,2017/5/9,0:00:00,3600,3610,3560,3570,728800
595,2017/5/10,0:00:00,3565,3585,3545,3560,610300
594,2017/5/11,0:00:00,3550,3580,3525,3540,615800
593,2017/5/12,0:00:00,3540,3740,3510,3660,1974300
592,2017/5/15,0:00:00,3710,3785,3695,3740,1554500
591,2017/5/16,0:00:00,3740,3815,3740,3810,1074600
590,2017/5/17,0:00:00,3800,3835,3790,3825,923400
589,2017/5/18,0:00:00,3795,3795,3765,3795,819700
588,2017/5/19,0:00:00,3800,3820,3775,3820,806000
587,2017/5/22,0:00:00,3825,3845,3795,3825,609800
586,2017/5/23,0:00:00,3805,3840,3790,3825,666200
585,2017/5/24,0:00:00,3850,3850,3815,3835,643100
584,2017/5/25,0:00:00,3870,3920,3860,3890,1194700
583,2017/5/26,0:00:00,3880,3900,3860,3875,585800
582,2017/5/29,0:00:00,3875,3905,3860,3890,525500
581,2017/5/30,0:00:00,3890,3915,3870,3900,533200
580,2017/5/31,0:00:00,3900,3900,3870,3885,807000
579,2017/6/1,0:00:00,3910,3955,3900,3935,691500
578,2017/6/2,0:00:00,3945,3945,3860,3865,1107500
577,2017/6/5,0:00:00,3840,3895,3830,3875,774100
576,2017/6/6,0:00:00,3840,3910,3835,3870,777300
575,2017/6/7,0:00:00,3865,3890,3805,3815,855100
574,2017/6/8,0:00:00,3825,3830,3785,3820,819000
573,2017/6/9,0:00:00,3835,3845,3725,3740,1297900
572,2017/6/12,0:00:00,3745,3780,3735,3750,713500
571,2017/6/13,0:00:00,3710,3755,3700,3720,653300
570,2017/6/14,0:00:00,3720,3755,3710,3740,535700
569,2017/6/15,0:00:00,3725,3765,3715,3735,450500
568,2017/6/16,0:00:00,3740,3740,3700,3705,824700
567,2017/6/19,0:00:00,3720,3780,3715,3730,429700
566,2017/6/20,0:00:00,3760,3820,3750,3775,593300
565,2017/6/21,0:00:00,3760,3795,3755,3755,522200
564,2017/6/22,0:00:00,3725,3775,3720,3745,574800
563,2017/6/23,0:00:00,3760,3765,3735,3750,354200
562,2017/6/26,0:00:00,3770,3785,3730,3735,442000
561,2017/6/27,0:00:00,3770,3780,3745,3755,507600
560,2017/6/28,0:00:00,3740,3810,3735,3780,637800
559,2017/6/29,0:00:00,3780,3815,3750,3760,437100
558,2017/6/30,0:00:00,3720,3725,3680,3710,563600
557,2017/7/3,0:00:00,3710,3755,3710,3735,405000
556,2017/7/4,0:00:00,3765,3775,3740,3755,578100
555,2017/7/5,0:00:00,3750,3775,3720,3750,404800
554,2017/7/6,0:00:00,3745,3815,3740,3795,633300
553,2017/7/7,0:00:00,3765,3790,3755,3790,509500
552,2017/7/10,0:00:00,3810,3845,3795,3840,503300
551,2017/7/11,0:00:00,3850,3850,3810,3835,387500
550,2017/7/12,0:00:00,3825,3845,3790,3800,370300
549,2017/7/13,0:00:00,3815,3830,3790,3795,268400
548,2017/7/14,0:00:00,3815,3820,3780,3795,595300
547,2017/7/18,0:00:00,3810,3810,3760,3780,480500
546,2017/7/19,0:00:00,3780,3845,3780,3830,471600
545,2017/7/20,0:00:00,3835,3835,3795,3805,549200
544,2017/7/21,0:00:00,3775,3810,3755,3805,513700
543,2017/7/24,0:00:00,3780,3810,3755,3800,446200
542,2017/7/25,0:00:00,3785,3795,3765,3775,383200
541,2017/7/26,0:00:00,3785,3795,3755,3775,355000
540,2017/7/27,0:00:00,3745,3805,3710,3715,525800
539,2017/7/28,0:00:00,3705,3705,3645,3675,477300
538,2017/7/31,0:00:00,3645,3690,3645,3675,516800
537,2017/8/1,0:00:00,3665,3740,3665,3725,579900
536,2017/8/2,0:00:00,3725,3730,3690,3705,386300
535,2017/8/3,0:00:00,3705,3745,3705,3710,487400
534,2017/8/4,0:00:00,3690,3715,3670,3690,443800
533,2017/8/7,0:00:00,3760,3785,3695,3745,612200
532,2017/8/8,0:00:00,3720,3740,3650,3665,530600
531,2017/8/9,0:00:00,3650,3650,3590,3605,809900
530,2017/8/10,0:00:00,3640,3660,3595,3620,535800
529,2017/8/14,0:00:00,3590,3650,3570,3630,647900
528,2017/8/15,0:00:00,3620,3685,3615,3665,543300
527,2017/8/16,0:00:00,3700,3710,3680,3700,408100
526,2017/8/17,0:00:00,3700,3700,3660,3680,377900
525,2017/8/18,0:00:00,3630,3650,3615,3625,435700
524,2017/8/21,0:00:00,3625,3680,3610,3670,498500
523,2017/8/22,0:00:00,3675,3680,3640,3650,374100
522,2017/8/23,0:00:00,3680,3690,3595,3605,530000
521,2017/8/24,0:00:00,3610,3685,3610,3675,530500
520,2017/8/25,0:00:00,3680,3690,3655,3680,311000
519,2017/8/28,0:00:00,3685,3705,3665,3685,281800
518,2017/8/29,0:00:00,3680,3680,3650,3675,437800
517,2017/8/30,0:00:00,3705,3710,3650,3670,354600
516,2017/8/31,0:00:00,3670,3700,3650,3685,337400
515,2017/9/1,0:00:00,3705,3760,3700,3750,441200
514,2017/9/4,0:00:00,3810,3830,3755,3795,672900
513,2017/9/5,0:00:00,3820,3820,3755,3760,517700
512,2017/9/6,0:00:00,3760,3805,3740,3785,847500
511,2017/9/7,0:00:00,3775,3850,3770,3820,699400
510,2017/9/8,0:00:00,3820,3900,3810,3865,1544400
509,2017/9/11,0:00:00,3915,3965,3915,3965,675300
508,2017/9/12,0:00:00,4005,4025,3975,4000,789700
507,2017/9/13,0:00:00,4000,4040,4000,4020,475500
506,2017/9/14,0:00:00,4025,4075,4020,4035,532600
505,2017/9/15,0:00:00,4040,4065,4010,4035,724300
504,2017/9/19,0:00:00,4055,4085,4030,4080,724300
503,2017/9/20,0:00:00,4035,4060,3980,3990,615300
502,2017/9/21,0:00:00,4000,4040,3990,4000,594300
501,2017/9/22,0:00:00,4040,4040,3965,4010,680400
500,2017/9/25,0:00:00,4040,4045,4010,4030,353300
499,2017/9/26,0:00:00,4015,4045,3995,4005,502600
498,2017/9/27,0:00:00,3970,3980,3945,3960,354200
497,2017/9/28,0:00:00,3950,3980,3915,3975,918100
496,2017/9/29,0:00:00,3970,3975,3885,3960,1021800
495,2017/10/2,0:00:00,3960,3985,3945,3965,462700
494,2017/10/3,0:00:00,3960,4000,3955,3980,636000
493,2017/10/4,0:00:00,3960,3975,3910,3930,561100
492,2017/10/5,0:00:00,3920,3945,3900,3910,418300
491,2017/10/6,0:00:00,3910,3925,3870,3880,786200
490,2017/10/10,0:00:00,3885,3985,3885,3980,992000
489,2017/10/11,0:00:00,3960,3995,3955,3975,537500
488,2017/10/12,0:00:00,4000,4050,3990,4025,620100
487,2017/10/13,0:00:00,3980,4025,3890,3960,1530800
486,2017/10/16,0:00:00,3965,3990,3940,3945,336000
485,2017/10/17,0:00:00,3950,3985,3940,3985,456100
484,2017/10/18,0:00:00,3990,3995,3945,3965,446400
483,2017/10/19,0:00:00,3975,4030,3970,4025,512600
482,2017/10/20,0:00:00,4005,4060,3995,4050,671500
481,2017/10/23,0:00:00,4100,4135,4090,4130,633500
480,2017/10/24,0:00:00,4120,4160,4105,4150,377100
479,2017/10/25,0:00:00,4200,4240,4165,4175,561100
478,2017/10/26,0:00:00,4155,4230,4155,4215,386300
477,2017/10/27,0:00:00,4255,4330,4245,4310,730000
476,2017/10/30,0:00:00,4275,4295,4210,4225,1345300
475,2017/10/31,0:00:00,4215,4225,4180,4215,639600
474,2017/11/1,0:00:00,4230,4265,4220,4250,435100
473,2017/11/2,0:00:00,4305,4310,4255,4300,654000
472,2017/11/6,0:00:00,4355,4500,4230,4360,1101000
471,2017/11/7,0:00:00,4310,4510,4255,4495,962300
470,2017/11/8,0:00:00,4470,4495,4410,4465,653500
469,2017/11/9,0:00:00,4500,4610,4410,4490,1048500
468,2017/11/10,0:00:00,4425,4455,4355,4410,1310400
467,2017/11/13,0:00:00,4385,4415,4365,4370,482300
466,2017/11/14,0:00:00,4360,4405,4330,4355,565500
465,2017/11/15,0:00:00,4345,4345,4300,4300,682100
464,2017/11/16,0:00:00,4285,4375,4250,4365,571900
463,2017/11/17,0:00:00,4435,4475,4345,4365,663100
462,2017/11/20,0:00:00,4345,4365,4305,4320,413200
461,2017/11/21,0:00:00,4375,4410,4340,4340,451000
460,2017/11/22,0:00:00,4360,4390,4335,4345,448900
459,2017/11/24,0:00:00,4320,4370,4305,4360,283600
458,2017/11/27,0:00:00,4385,4420,4345,4370,343100
457,2017/11/28,0:00:00,4340,4390,4325,4375,490500
456,2017/11/29,0:00:00,4425,4500,4390,4490,694800
455,2017/11/30,0:00:00,4535,4535,4440,4500,860700
454,2017/12/1,0:00:00,4560,4620,4490,4535,583000
453,2017/12/4,0:00:00,4560,4570,4500,4510,490900
452,2017/12/5,0:00:00,4510,4520,4475,4495,478000
451,2017/12/6,0:00:00,4475,4490,4335,4355,1007000
450,2017/12/7,0:00:00,4375,4455,4375,4450,852800
449,2017/12/8,0:00:00,4490,4590,4490,4580,1446300
448,2017/12/11,0:00:00,4565,4625,4540,4625,578700
447,2017/12/12,0:00:00,4625,4625,4550,4560,497000
446,2017/12/13,0:00:00,4570,4570,4475,4490,456500
445,2017/12/14,0:00:00,4480,4530,4475,4480,449500
444,2017/12/15,0:00:00,4505,4540,4435,4450,560900
443,2017/12/18,0:00:00,4490,4555,4485,4540,524700
442,2017/12/19,0:00:00,4555,4575,4515,4515,323900
441,2017/12/20,0:00:00,4525,4550,4485,4545,412500
440,2017/12/21,0:00:00,4530,4530,4480,4520,304200
439,2017/12/22,0:00:00,4525,4525,4480,4490,394100
438,2017/12/25,0:00:00,4480,4545,4460,4525,215200
437,2017/12/26,0:00:00,4525,4540,4505,4520,188900
436,2017/12/27,0:00:00,4510,4530,4490,4525,259900
435,2017/12/28,0:00:00,4545,4555,4485,4495,216900
434,2017/12/29,0:00:00,4510,4540,4485,4495,279400
433,2018/1/4,0:00:00,4515,4675,4485,4665,650200
432,2018/1/5,0:00:00,4695,4720,4690,4720,511400
431,2018/1/9,0:00:00,4770,4805,4715,4730,435500
430,2018/1/10,0:00:00,4725,4730,4640,4665,269600
429,2018/1/11,0:00:00,4670,4670,4620,4640,339000
428,2018/1/12,0:00:00,4635,4660,4570,4580,676100
427,2018/1/15,0:00:00,4635,4695,4635,4655,592800
426,2018/1/16,0:00:00,4650,4735,4635,4720,307000
425,2018/1/17,0:00:00,4675,4720,4670,4715,511300
424,2018/1/18,0:00:00,4755,4805,4720,4735,981200
423,2018/1/19,0:00:00,4730,4730,4650,4660,505600
422,2018/1/22,0:00:00,4660,4675,4600,4620,313700
421,2018/1/23,0:00:00,4615,4685,4605,4685,415200
420,2018/1/24,0:00:00,4665,4695,4610,4620,390800
419,2018/1/25,0:00:00,4580,4610,4510,4520,597500
418,2018/1/26,0:00:00,4575,4655,4565,4595,546200
417,2018/1/29,0:00:00,4610,4685,4610,4635,451600
416,2018/1/30,0:00:00,4595,4630,4470,4485,553600
415,2018/1/31,0:00:00,4500,4525,4435,4445,509100
414,2018/2/1,0:00:00,4515,4575,4485,4570,479600
413,2018/2/2,0:00:00,4535,4550,4455,4475,444500
412,2018/2/5,0:00:00,4450,4450,4310,4325,878600
411,2018/2/6,0:00:00,4125,4150,3915,4025,1663800
410,2018/2/7,0:00:00,4130,4205,4035,4045,1153900
409,2018/2/8,0:00:00,4040,4090,3975,4035,748000
408,2018/2/9,0:00:00,3885,3915,3820,3860,1162800
407,2018/2/13,0:00:00,3920,3960,3780,3795,832400
406,2018/2/14,0:00:00,3805,3865,3785,3825,850100
405,2018/2/15,0:00:00,3865,3910,3835,3865,660300
404,2018/2/16,0:00:00,3865,3950,3845,3940,651800
403,2018/2/19,0:00:00,3975,4030,3935,4020,553100
402,2018/2/20,0:00:00,3995,4005,3945,3980,561100
401,2018/2/21,0:00:00,3985,4090,3980,4050,769100
400,2018/2/22,0:00:00,4050,4055,3960,3995,602400
399,2018/2/23,0:00:00,4015,4035,4000,4020,376800
398,2018/2/26,0:00:00,4085,4200,4075,4170,815800
397,2018/2/27,0:00:00,4225,4275,4190,4255,1042800
396,2018/2/28,0:00:00,4240,4295,4230,4260,920700
395,2018/3/1,0:00:00,4230,4240,4170,4205,812200
394,2018/3/2,0:00:00,4100,4120,4050,4085,1151700
393,2018/3/5,0:00:00,4110,4130,4085,4100,1054500
392,2018/3/6,0:00:00,4220,4230,4145,4150,657800
391,2018/3/7,0:00:00,4105,4150,4075,4100,878300
390,2018/3/8,0:00:00,4150,4200,4125,4195,1112200
389,2018/3/9,0:00:00,4265,4335,4215,4255,1592900
388,2018/3/12,0:00:00,4395,4395,4290,4340,584900
387,2018/3/13,0:00:00,4340,4385,4305,4375,497900
386,2018/3/14,0:00:00,4290,4315,4210,4235,724300
385,2018/3/15,0:00:00,4250,4325,4220,4305,482400
384,2018/3/16,0:00:00,4345,4385,4340,4360,915800
383,2018/3/19,0:00:00,4295,4310,4220,4235,556300
382,2018/3/20,0:00:00,4165,4200,4150,4180,590600
381,2018/3/22,0:00:00,4200,4330,4190,4325,699600
380,2018/3/23,0:00:00,4155,4200,4070,4090,1272600
379,2018/3/26,0:00:00,4060,4170,4045,4170,653100
378,2018/3/27,0:00:00,4175,4320,4175,4320,758900
377,2018/3/28,0:00:00,4345,4345,4200,4295,1004600
376,2018/3/29,0:00:00,4400,4420,4295,4360,625600
375,2018/3/30,0:00:00,4425,4450,4385,4420,612200
374,2018/4/2,0:00:00,4355,4450,4345,4405,385100
373,2018/4/3,0:00:00,4335,4465,4310,4445,671400
372,2018/4/4,0:00:00,4460,4475,4405,4420,505100
371,2018/4/5,0:00:00,4550,4600,4505,4590,678100
370,2018/4/6,0:00:00,4610,4635,4580,4610,620700
369,2018/4/9,0:00:00,4595,4715,4595,4705,646400
368,2018/4/10,0:00:00,4635,4770,4625,4730,964500
367,2018/4/11,0:00:00,4745,4755,4680,4695,687300
366,2018/4/12,0:00:00,4690,4700,4660,4680,300100
365,2018/4/13,0:00:00,4720,4745,4635,4660,678200
364,2018/4/16,0:00:00,4720,4740,4685,4730,303700
363,2018/4/17,0:00:00,4730,4735,4700,4715,318100
362,2018/4/18,0:00:00,4740,4845,4730,4830,578900
361,2018/4/19,0:00:00,4860,4905,4845,4895,512200
360,2018/4/20,0:00:00,4885,4960,4850,4900,520700
359,2018/4/23,0:00:00,4855,4880,4810,4870,411300
358,2018/4/24,0:00:00,4850,4885,4815,4865,589800
357,2018/4/25,0:00:00,4865,4905,4850,4895,374000
356,2018/4/26,0:00:00,4885,4930,4870,4910,508000
355,2018/4/27,0:00:00,4910,4930,4835,4875,683800
354,2018/5/1,0:00:00,4880,4940,4870,4925,599400
353,2018/5/2,0:00:00,4910,4910,4845,4880,475300
352,2018/5/7,0:00:00,4895,4895,4810,4815,540200
351,2018/5/8,0:00:00,4790,4880,4760,4820,467700
350,2018/5/9,0:00:00,4860,4870,4810,4855,397700
349,2018/5/10,0:00:00,4840,4935,4835,4915,343600
348,2018/5/11,0:00:00,4915,5040,4895,5000,688800
347,2018/5/14,0:00:00,4770,4950,4680,4915,1085900
346,2018/5/15,0:00:00,4945,4970,4915,4930,523800
345,2018/5/16,0:00:00,4930,4965,4905,4920,472400
344,2018/5/17,0:00:00,4920,4990,4900,4960,528400
343,2018/5/18,0:00:00,4985,5110,4965,5080,531900
342,2018/5/21,0:00:00,5080,5190,5080,5160,367800
341,2018/5/22,0:00:00,5160,5190,5120,5170,359500
340,2018/5/23,0:00:00,5130,5200,5090,5120,452400
339,2018/5/24,0:00:00,5120,5150,5040,5060,391500
338,2018/5/25,0:00:00,5060,5180,5060,5160,306700
337,2018/5/28,0:00:00,5230,5350,5210,5300,551000
336,2018/5/29,0:00:00,5230,5280,5200,5270,469600
335,2018/5/30,0:00:00,5140,5180,5110,5140,700300
334,2018/5/31,0:00:00,5190,5190,5110,5120,1321600
333,2018/6/1,0:00:00,5130,5200,5080,5100,574600
332,2018/6/4,0:00:00,5170,5250,5170,5180,377200
331,2018/6/5,0:00:00,5180,5250,5130,5160,566100
330,2018/6/6,0:00:00,5160,5220,5110,5200,477700
329,2018/6/7,0:00:00,5250,5310,5230,5250,570500
328,2018/6/8,0:00:00,5290,5320,5220,5240,925300
327,2018/6/11,0:00:00,5310,5320,5160,5160,509500
326,2018/6/12,0:00:00,5020,5260,5010,5130,720500
325,2018/6/13,0:00:00,5110,5180,5080,5140,393300
324,2018/6/14,0:00:00,5080,5130,5070,5090,464500
323,2018/6/15,0:00:00,5140,5200,5110,5150,548500
322,2018/6/18,0:00:00,5100,5130,5070,5120,331700
321,2018/6/19,0:00:00,5040,5100,5020,5020,450400
320,2018/6/20,0:00:00,4970,5040,4955,5020,663500
319,2018/6/21,0:00:00,5010,5090,5000,5070,378400
318,2018/6/22,0:00:00,5050,5200,5010,5160,534900
317,2018/6/25,0:00:00,5200,5260,5130,5220,531300
316,2018/6/26,0:00:00,5140,5300,5060,5280,538900
315,2018/6/27,0:00:00,5320,5330,5220,5270,439200
314,2018/6/28,0:00:00,5240,5250,5090,5210,590000
313,2018/6/29,0:00:00,5220,5240,5140,5170,559000
312,2018/7/2,0:00:00,5160,5200,5030,5040,461400
311,2018/7/3,0:00:00,5020,5090,4955,5010,621500
310,2018/7/4,0:00:00,4970,5020,4935,4955,505200
309,2018/7/5,0:00:00,4955,5040,4875,4935,623400
308,2018/7/6,0:00:00,4915,5040,4900,5030,570500
307,2018/7/9,0:00:00,5020,5160,5010,5120,360800
306,2018/7/10,0:00:00,5170,5180,5070,5120,420100
305,2018/7/11,0:00:00,5070,5110,4945,5040,506200
304,2018/7/12,0:00:00,5060,5160,5060,5110,487600
303,2018/7/13,0:00:00,5140,5260,5110,5180,617600
302,2018/7/17,0:00:00,5210,5240,5160,5160,432500
301,2018/7/18,0:00:00,5230,5240,5140,5140,304600
300,2018/7/19,0:00:00,5140,5140,5060,5070,360200
299,2018/7/20,0:00:00,5060,5130,5010,5070,540700
298,2018/7/23,0:00:00,5040,5050,4980,5000,453000
297,2018/7/24,0:00:00,5050,5060,5010,5020,305900
296,2018/7/25,0:00:00,5090,5120,5060,5110,308300
295,2018/7/26,0:00:00,5210,5270,5110,5130,518900
294,2018/7/27,0:00:00,5120,5120,4975,5010,573800
293,2018/7/30,0:00:00,5010,5050,4935,4940,420700
292,2018/7/31,0:00:00,4900,5020,4885,4995,535100
291,2018/8/1,0:00:00,5010,5150,5000,5110,575400
290,2018/8/2,0:00:00,5120,5190,5090,5110,300300
289,2018/8/3,0:00:00,5150,5190,5120,5140,579600
288,2018/8/6,0:00:00,5080,5090,4900,4910,618200
287,2018/8/7,0:00:00,4910,4920,4830,4875,481600
286,2018/8/8,0:00:00,4885,4970,4880,4910,504300
285,2018/8/9,0:00:00,4905,4975,4900,4940,327500
284,2018/8/10,0:00:00,4980,4980,4875,4895,626900
283,2018/8/13,0:00:00,4840,4865,4660,4660,709700
282,2018/8/14,0:00:00,4660,4725,4595,4725,696200
281,2018/8/15,0:00:00,4780,4820,4680,4715,399100
280,2018/8/16,0:00:00,4555,4735,4545,4725,721600
279,2018/8/17,0:00:00,4720,4720,4655,4680,515300
278,2018/8/20,0:00:00,4665,4740,4665,4720,474600
277,2018/8/21,0:00:00,4690,4835,4665,4815,551000
276,2018/8/22,0:00:00,4840,4920,4825,4905,388600
275,2018/8/23,0:00:00,4930,4930,4875,4910,408900
274,2018/8/24,0:00:00,4980,5040,4965,5020,288700
273,2018/8/27,0:00:00,5070,5120,5050,5100,250700
272,2018/8/28,0:00:00,5180,5230,5120,5180,494100
271,2018/8/29,0:00:00,5190,5310,5190,5260,520200
270,2018/8/30,0:00:00,5340,5350,5220,5260,622200
269,2018/8/31,0:00:00,5260,5320,5200,5300,399800
268,2018/9/3,0:00:00,5350,5350,5260,5260,382100
267,2018/9/4,0:00:00,5310,5350,5250,5330,372100
266,2018/9/5,0:00:00,5330,5350,5280,5310,367900
265,2018/9/6,0:00:00,5280,5310,5230,5240,482400
264,2018/9/7,0:00:00,5240,5240,5160,5210,418300
263,2018/9/10,0:00:00,5200,5240,5180,5230,347500
262,2018/9/11,0:00:00,5280,5350,5260,5300,388200
261,2018/9/12,0:00:00,5360,5420,5300,5380,466000
260,2018/9/13,0:00:00,5440,5510,5430,5500,534400
259,2018/9/14,0:00:00,5610,5730,5590,5710,1292400
258,2018/9/18,0:00:00,5730,5930,5720,5900,692300
257,2018/9/19,0:00:00,6000,6050,5950,6000,781500
256,2018/9/20,0:00:00,6050,6100,5980,6050,780500
255,2018/9/21,0:00:00,6150,6220,6100,6190,983500
254,2018/9/25,0:00:00,6180,6210,5980,5990,968300
253,2018/9/26,0:00:00,5990,6070,5940,6000,1115200
252,2018/9/27,0:00:00,5980,6060,5860,5950,1067100
251,2018/9/28,0:00:00,6050,6130,5940,6000,909900
250,2018/10/1,0:00:00,6070,6180,6020,6120,567000
249,2018/10/2,0:00:00,6220,6270,6150,6230,847600
248,2018/10/3,0:00:00,6200,6240,6120,6200,552600
247,2018/10/4,0:00:00,6240,6260,6130,6180,885400
246,2018/10/5,0:00:00,6160,6220,6110,6150,597600
245,2018/10/9,0:00:00,6130,6220,6040,6150,725400
244,2018/10/10,0:00:00,6170,6190,6010,6110,550300
243,2018/10/11,0:00:00,5940,6060,5820,5880,872200
242,2018/10/12,0:00:00,5770,5920,5770,5900,1275200
241,2018/10/15,0:00:00,5850,5960,5830,5890,667800
240,2018/10/16,0:00:00,5890,5980,5850,5960,729700
239,2018/10/17,0:00:00,6010,6100,5970,5980,558400
238,2018/10/18,0:00:00,5940,5970,5900,5950,427200
237,2018/10/19,0:00:00,5770,5860,5730,5850,666200
236,2018/10/22,0:00:00,5860,6000,5790,5970,478400
235,2018/10/23,0:00:00,5890,5900,5750,5780,722500
234,2018/10/24,0:00:00,5840,5880,5740,5830,677800
233,2018/10/25,0:00:00,5680,5690,5430,5450,854300
232,2018/10/26,0:00:00,5450,5530,5350,5390,836900
231,2018/10/29,0:00:00,5390,5460,5290,5320,599400
230,2018/10/30,0:00:00,5280,5380,5220,5280,1012900
229,2018/10/31,0:00:00,5300,5370,5270,5340,907600
228,2018/11/1,0:00:00,5350,5500,5330,5430,651700
227,2018/11/2,0:00:00,5490,5700,5420,5620,1005800
226,2018/11/5,0:00:00,5570,5660,5520,5570,842600
225,2018/11/6,0:00:00,5750,5750,5580,5660,753100
224,2018/11/7,0:00:00,5710,5880,5670,5780,838500
223,2018/11/8,0:00:00,5880,5970,5860,5930,586600
222,2018/11/9,0:00:00,5940,5970,5830,5850,616400
221,2018/11/12,0:00:00,5800,5910,5740,5900,419700
220,2018/11/13,0:00:00,5730,5820,5630,5800,561400
219,2018/11/14,0:00:00,5790,5860,5790,5830,515100
218,2018/11/15,0:00:00,5840,5860,5720,5750,486000
217,2018/11/16,0:00:00,5790,5830,5740,5780,427100
216,2018/11/19,0:00:00,5780,5970,5780,5970,411900
215,2018/11/20,0:00:00,5870,5930,5840,5890,360500
214,2018/11/21,0:00:00,5730,5780,5690,5760,511100
213,2018/11/22,0:00:00,5860,5940,5830,5910,472000
212,2018/11/26,0:00:00,5910,6020,5890,6000,582200
211,2018/11/27,0:00:00,6090,6180,6030,6160,708700
210,2018/11/28,0:00:00,6200,6330,6180,6300,586700
209,2018/11/29,0:00:00,6300,6330,6140,6160,486700
208,2018/11/30,0:00:00,6200,6240,6100,6160,682100
207,2018/12/3,0:00:00,6300,6310,6190,6220,465300
206,2018/12/4,0:00:00,6270,6370,6120,6190,897000
205,2018/12/5,0:00:00,6030,6170,5970,6130,606900
204,2018/12/6,0:00:00,6090,6100,5970,6030,715200
203,2018/12/7,0:00:00,6050,6140,6050,6100,465200
202,2018/12/10,0:00:00,6000,6100,5970,6060,579400
201,2018/12/11,0:00:00,6020,6050,5930,5990,656700
200,2018/12/12,0:00:00,6090,6170,6030,6130,896000
199,2018/12/13,0:00:00,6200,6230,6010,6180,519800
198,2018/12/14,0:00:00,6110,6210,6010,6040,1181600
197,2018/12/17,0:00:00,6110,6160,6050,6150,384000
196,2018/12/18,0:00:00,6100,6160,5980,6000,630500
195,2018/12/19,0:00:00,6040,6100,5930,6090,601600
194,2018/12/20,0:00:00,6010,6020,5640,5710,821600
193,2018/12/21,0:00:00,5690,5720,5570,5610,1119500
192,2018/12/25,0:00:00,5440,5520,5430,5460,843200
191,2018/12/26,0:00:00,5460,5630,5450,5540,1042800
190,2018/12/27,0:00:00,5640,5740,5540,5610,1065700
189,2018/12/28,0:00:00,5600,5770,5590,5760,671000
188,2019/1/4,0:00:00,5640,5650,5420,5590,821000
187,2019/1/7,0:00:00,5750,5820,5660,5680,675800
186,2019/1/8,0:00:00,5780,5850,5720,5790,688400
185,2019/1/9,0:00:00,5850,5890,5790,5840,426900
184,2019/1/10,0:00:00,5810,5820,5700,5760,454800
183,2019/1/11,0:00:00,5740,5850,5740,5790,861200
182,2019/1/15,0:00:00,5730,5850,5720,5820,485400
181,2019/1/16,0:00:00,5890,5930,5850,5890,434200
180,2019/1/17,0:00:00,5950,5990,5900,5960,338500
179,2019/1/18,0:00:00,5990,6100,5980,6070,391900
178,2019/1/21,0:00:00,6100,6130,5940,5950,459800
177,2019/1/22,0:00:00,5950,5970,5850,5880,462600
176,2019/1/23,0:00:00,5820,5880,5790,5840,458400
175,2019/1/24,0:00:00,5860,5880,5770,5800,326200
174,2019/1/25,0:00:00,5790,5870,5760,5770,368900
173,2019/1/28,0:00:00,5800,5810,5660,5690,544900
172,2019/1/29,0:00:00,5730,5750,5640,5740,603900
171,2019/1/30,0:00:00,5740,5750,5660,5670,445600
170,2019/1/31,0:00:00,5810,5830,5750,5780,543900
169,2019/2/1,0:00:00,5780,5850,5630,5660,516400
168,2019/2/4,0:00:00,5650,5740,5610,5720,569800
167,2019/2/5,0:00:00,5750,5770,5690,5700,328100
166,2019/2/6,0:00:00,5750,5790,5700,5710,465300
165,2019/2/7,0:00:00,5670,5680,5530,5540,386500
164,2019/2/8,0:00:00,5440,5580,5430,5430,984500
163,2019/2/12,0:00:00,5350,5450,5140,5400,1039000
162,2019/2/13,0:00:00,5450,5650,5440,5630,578000
161,2019/2/14,0:00:00,5630,5670,5440,5460,622000
160,2019/2/15,0:00:00,5520,5520,5370,5390,635700
159,2019/2/18,0:00:00,5550,5620,5470,5600,473800
158,2019/2/19,0:00:00,5610,5680,5570,5650,465300
157,2019/2/20,0:00:00,5650,5780,5650,5750,434800
156,2019/2/21,0:00:00,5770,5940,5770,5900,654200
155,2019/2/22,0:00:00,5890,5970,5850,5930,514600
154,2019/2/25,0:00:00,5950,5970,5800,5820,684100
153,2019/2/26,0:00:00,5820,5840,5640,5640,705500
152,2019/2/27,0:00:00,5680,5700,5580,5640,602600
151,2019/2/28,0:00:00,5670,5690,5580,5620,541100
150,2019/3/1,0:00:00,5600,5660,5590,5620,452400
149,2019/3/4,0:00:00,5690,5700,5520,5530,579700
148,2019/3/5,0:00:00,5530,5590,5490,5520,412000
147,2019/3/6,0:00:00,5420,5460,5380,5410,621800
146,2019/3/7,0:00:00,5390,5430,5350,5350,734000
145,2019/3/8,0:00:00,5350,5380,5200,5240,1272500
144,2019/3/11,0:00:00,5250,5260,5160,5240,456100
143,2019/3/12,0:00:00,5340,5400,5310,5330,582000
142,2019/3/13,0:00:00,5310,5330,5230,5250,407700
141,2019/3/14,0:00:00,5270,5280,5160,5220,577700
140,2019/3/15,0:00:00,5210,5260,5170,5210,854000
139,2019/3/18,0:00:00,5270,5280,5170,5180,435100
138,2019/3/19,0:00:00,5160,5190,5120,5180,415100
137,2019/3/20,0:00:00,5180,5220,5160,5200,499200
136,2019/3/22,0:00:00,5190,5200,5060,5120,642800
135,2019/3/25,0:00:00,5020,5040,4960,5000,731600
134,2019/3/26,0:00:00,5030,5160,4995,5130,813800
133,2019/3/27,0:00:00,5160,5230,5140,5190,857200
132,2019/3/28,0:00:00,5110,5120,5020,5060,829100
131,2019/3/29,0:00:00,5100,5130,5040,5070,519400
130,2019/4/1,0:00:00,5090,5160,5070,5100,673400
129,2019/4/2,0:00:00,5220,5230,5100,5130,570700
128,2019/4/3,0:00:00,5100,5120,5050,5110,643500
127,2019/4/4,0:00:00,5160,5250,5140,5250,522600
126,2019/4/5,0:00:00,5250,5340,5220,5320,601400
125,2019/4/8,0:00:00,5380,5400,5290,5380,684500
124,2019/4/9,0:00:00,5320,5340,5200,5220,509100
123,2019/4/10,0:00:00,5190,5260,5180,5210,530400
122,2019/4/11,0:00:00,5180,5210,5120,5140,380200
121,2019/4/12,0:00:00,5110,5130,5030,5090,951000
120,2019/4/15,0:00:00,5190,5270,5190,5190,455200
119,2019/4/16,0:00:00,5100,5130,5060,5090,522700
118,2019/4/17,0:00:00,5110,5180,5080,5120,542000
117,2019/4/18,0:00:00,5110,5140,5060,5070,541900
116,2019/4/19,0:00:00,5110,5170,5090,5120,256500
115,2019/4/22,0:00:00,5100,5170,5080,5110,332000
114,2019/4/23,0:00:00,5130,5160,5080,5110,373400
113,2019/4/24,0:00:00,5130,5140,5040,5080,407100
112,2019/4/25,0:00:00,5050,5060,4940,5000,498100
111,2019/4/26,0:00:00,4920,4955,4860,4930,787800
110,2019/5/7,0:00:00,4935,4935,4840,4850,642100
109,2019/5/8,0:00:00,4785,4810,4740,4760,643400
108,2019/5/9,0:00:00,4715,4730,4635,4655,670600
107,2019/5/10,0:00:00,4620,4750,4595,4640,854400
106,2019/5/13,0:00:00,4645,4690,4625,4690,482300
105,2019/5/14,0:00:00,4580,4700,4560,4645,588900
104,2019/5/15,0:00:00,4640,4700,4580,4645,563600
103,2019/5/16,0:00:00,4575,4675,4535,4645,980200
102,2019/5/17,0:00:00,4695,4765,4675,4730,773900
101,2019/5/20,0:00:00,4780,4875,4780,4845,779400
100,2019/5/21,0:00:00,4780,4820,4745,4805,581500
99,2019/5/22,0:00:00,4805,4865,4795,4860,665400
98,2019/5/23,0:00:00,4810,4825,4715,4725,560400
97,2019/5/24,0:00:00,4720,4760,4640,4750,544000
96,2019/5/27,0:00:00,4770,4800,4720,4720,410200
95,2019/5/28,0:00:00,4720,4780,4640,4650,1074900
94,2019/5/29,0:00:00,4585,4625,4520,4560,769100
93,2019/5/30,0:00:00,4540,4665,4525,4635,419200
92,2019/5/31,0:00:00,4595,4685,4590,4610,726400
91,2019/6/3,0:00:00,4540,4565,4500,4505,480900
90,2019/6/4,0:00:00,4570,4630,4545,4615,677600
89,2019/6/5,0:00:00,4650,4740,4650,4700,487000
88,2019/6/6,0:00:00,4700,4740,4680,4690,465700
87,2019/6/7,0:00:00,4715,4730,4680,4685,275300
86,2019/6/10,0:00:00,4710,4740,4660,4710,665700
85,2019/6/11,0:00:00,4720,4745,4690,4715,356100
84,2019/6/12,0:00:00,4710,4775,4685,4730,462800
83,2019/6/13,0:00:00,4720,4740,4685,4705,349100
82,2019/6/14,0:00:00,4725,4795,4700,4780,759700
81,2019/6/17,0:00:00,4765,4795,4715,4775,471200
80,2019/6/18,0:00:00,4780,4815,4755,4780,547900
79,2019/6/19,0:00:00,4825,4895,4820,4840,573900
78,2019/6/20,0:00:00,4865,4895,4815,4820,546000
77,2019/6/21,0:00:00,4865,4890,4820,4840,795300
76,2019/6/24,0:00:00,4890,4895,4780,4785,437100
75,2019/6/25,0:00:00,4800,4920,4790,4885,588200
74,2019/6/26,0:00:00,4825,4840,4775,4790,443700
73,2019/6/27,0:00:00,4830,4885,4805,4880,499100
72,2019/6/28,0:00:00,4865,4895,4830,4855,772300
71,2019/7/1,0:00:00,4900,4960,4840,4950,558200
70,2019/7/2,0:00:00,4950,4995,4920,4995,569900
69,2019/7/3,0:00:00,4935,4940,4805,4815,759300
68,2019/7/4,0:00:00,4815,4860,4790,4800,449500
67,2019/7/5,0:00:00,4815,4815,4750,4775,410200
66,2019/7/8,0:00:00,4740,4755,4695,4710,650700
65,2019/7/9,0:00:00,4710,4740,4680,4710,532300
64,2019/7/10,0:00:00,4670,4685,4620,4645,710400
63,2019/7/11,0:00:00,4610,4645,4585,4610,508000
62,2019/7/12,0:00:00,4610,4645,4595,4610,616600
61,2019/7/16,0:00:00,4580,4615,4555,4585,409300
60,2019/7/17,0:00:00,4580,4685,4575,4670,541700
59,2019/7/18,0:00:00,4650,4670,4555,4565,626100
58,2019/7/19,0:00:00,4600,4700,4580,4700,543600
57,2019/7/22,0:00:00,4705,4725,4625,4645,499600
56,2019/7/23,0:00:00,4610,4700,4585,4680,431200
55,2019/7/24,0:00:00,4740,4750,4710,4740,436000
54,2019/7/25,0:00:00,4745,4775,4680,4680,395400
53,2019/7/26,0:00:00,4710,4735,4665,4675,288500
52,2019/7/29,0:00:00,4650,4685,4630,4675,330800
51,2019/7/30,0:00:00,4720,4805,4715,4745,406800
50,2019/7/31,0:00:00,4740,4795,4700,4785,737600
49,2019/8/1,0:00:00,4765,4835,4705,4830,751500
48,2019/8/2,0:00:00,4705,4790,4690,4725,750200
47,2019/8/5,0:00:00,4655,4910,4655,4755,1067000
46,2019/8/6,0:00:00,4615,4860,4615,4845,642500
45,2019/8/7,0:00:00,4780,4800,4655,4675,774500
44,2019/8/8,0:00:00,4695,4825,4635,4775,460300
43,2019/8/9,0:00:00,4855,4925,4815,4895,763700
42,2019/8/13,0:00:00,4845,4890,4750,4770,548300
41,2019/8/14,0:00:00,4835,4865,4795,4840,456500
40,2019/8/15,0:00:00,4770,4800,4720,4770,621900
39,2019/8/16,0:00:00,4710,4795,4660,4775,629500
38,2019/8/19,0:00:00,4845,4865,4815,4845,353000
37,2019/8/20,0:00:00,4865,4900,4845,4895,354300
36,2019/8/21,0:00:00,4800,4805,4745,4770,401200
35,2019/8/22,0:00:00,4795,4810,4755,4780,295600
34,2019/8/23,0:00:00,4775,4785,4700,4720,349700
33,2019/8/26,0:00:00,4575,4590,4480,4510,795100
32,2019/8/27,0:00:00,4515,4575,4515,4550,384700
31,2019/8/28,0:00:00,4535,4585,4525,4530,347500
30,2019/8/29,0:00:00,4485,4485,4395,4455,548300
29,2019/8/30,0:00:00,4495,4520,4460,4495,505000
28,2019/9/2,0:00:00,4515,4535,4495,4500,308100
27,2019/9/3,0:00:00,4505,4510,4445,4455,375800
26,2019/9/4,0:00:00,4430,4430,4320,4340,550100
25,2019/9/5,0:00:00,4335,4470,4285,4440,837200
24,2019/9/6,0:00:00,4470,4505,4465,4500,715200
23,2019/9/9,0:00:00,4490,4530,4465,4505,503300
22,2019/9/10,0:00:00,4545,4545,4475,4495,508300
21,2019/9/11,0:00:00,4535,4585,4505,4580,547900
20,2019/9/12,0:00:00,4575,4660,4565,4595,720500
19,2019/9/13,0:00:00,4645,4645,4545,4570,1268100
18,2019/9/17,0:00:00,4555,4555,4465,4495,598300
17,2019/9/18,0:00:00,4495,4570,4495,4550,447000
16,2019/9/19,0:00:00,4580,4610,4540,4560,425900
15,2019/9/20,0:00:00,4565,4590,4520,4555,592600
14,2019/9/24,0:00:00,4555,4575,4550,4555,469100
13,2019/9/25,0:00:00,4525,4580,4515,4565,465100
12,2019/9/26,0:00:00,4620,4685,4565,4595,674700
11,2019/9/27,0:00:00,4565,4585,4435,4470,596400
10,2019/9/30,0:00:00,4480,4535,4465,4495,594100
9,2019/10/1,0:00:00,4525,4645,4525,4600,570600
8,2019/10/2,0:00:00,4540,4545,4345,4350,1076700
7,2019/10/3,0:00:00,4245,4270,4165,4165,668000
6,2019/10/4,0:00:00,4200,4220,4180,4215,500300
5,2019/10/7,0:00:00,4205,4280,4195,4255,396300
4,2019/10/8,0:00:00,4265,4300,4210,4215,451300
3,2019/10/9,0:00:00,4160,4165,4120,4160,427200
2,2019/10/10,0:00:00,4185,4220,4140,4210,355000
1,2019/10/11,0:00:00,4255,4255,4160,4200,558500
